,exit_1,exit_2,exit_3,exit_4,exit_5,exit_6,exit_7,enter_1,enter_2,enter_3,enter_4,enter_5,enter_6
5,2019-11-26,,,,,,,2020-04-06,,,,,
8,2020-04-07,,,,,,,2021-02-05,,,,,
12,2018-06-17,,,,,,,2019-01-11,,,,,
16,2019-12-05,,,,,,,2020-02-28,,,,,
21,2020-03-09,,,,,,,2020-08-04,,,,,
22,2019-12-10,2019-08-27,2019-05-28,2019-05-28,,,,2020-02-07,2019-11-05,2019-07-23,2019-05-28,,
25,2019-09-27,,,,,,,2020-01-10,,,,,
30,2020-01-21,2019-09-10,,,,,,2020-08-26,2019-09-23,,,,
37,2020-03-06,,,,,,,2020-03-10,,,,,
44,2019-07-12,2019-07-12,2018-12-04,,,,,2020-09-15,2019-02-12,,,,
52,2019-07-11,,,,,,,2019-08-01,,,,,
55,2018-10-26,,,,,,,2019-04-25,,,,,
59,2020-08-10,2019-09-12,,,,,,2020-10-13,2019-11-01,,,,
62,2020-09-11,2019-01-28,,,,,,2020-12-01,2019-07-22,,,,
76,2018-08-27,,,,,,,2018-11-19,,,,,
79,2019-11-07,,,,,,,2020-01-06,,,,,
81,2019-05-28,2019-05-28,2018-11-29,,,,,2020-10-06,2019-05-28,2019-03-07,,,
82,2019-05-28,2018-11-29,,,,,,2020-10-06,2019-03-07,,,,
84,2019-08-07,2018-06-25,,,,,,2019-08-13,2019-08-01,,,,
85,2021-03-30,2020-01-09,,,,,,2021-05-20,2020-10-06,,,,
86,2020-10-22,2019-11-06,,,,,,2021-05-20,2020-10-19,,,,
96,2019-12-23,,,,,,,2020-01-08,,,,,
106,2017-11-16,,,,,,,2018-01-18,,,,,
110,2018-10-29,2018-06-26,,,,,,2018-11-15,2018-08-29,,,,
126,2019-12-06,2019-02-27,,,,,,2020-02-14,2019-10-14,,,,
133,2017-11-29,,,,,,,2018-03-27,,,,,
140,2020-08-28,2020-05-07,2020-03-18,2019-12-12,2019-05-02,,,2020-09-15,2020-06-10,2020-03-31,2020-03-04,2019-07-26,
144,2019-04-16,,,,,,,2019-11-26,,,,,
149,2020-02-11,,,,,,,2020-03-02,,,,,
153,2018-06-27,,,,,,,2018-08-23,,,,,
156,2020-04-23,2019-02-01,2018-10-29,,,,,2021-02-02,2019-02-26,2018-12-11,,,
157,2020-05-30,,,,,,,2020-06-24,,,,,
160,2019-03-13,,,,,,,2019-06-10,,,,,
161,2018-10-09,2018-08-17,,,,,,2019-03-21,2018-09-04,,,,
162,2020-02-11,,,,,,,2020-03-02,,,,,
163,2019-06-26,2019-03-07,,,,,,2020-03-05,2019-05-13,,,,
164,2019-03-07,,,,,,,2019-05-10,,,,,
167,2019-08-01,,,,,,,2020-07-22,,,,,
170,2021-01-19,,,,,,,2021-04-29,,,,,
178,2020-02-19,2019-02-01,2019-01-08,2018-07-06,,,,2020-07-13,2020-01-07,2019-01-17,2018-12-12,,
180,2019-02-05,,,,,,,2019-02-12,,,,,
181,2019-02-22,2018-11-27,2018-07-02,,,,,2019-04-16,2018-12-26,2018-10-04,,,
182,2019-12-06,,,,,,,2020-01-27,,,,,
186,2019-02-11,2018-11-29,2018-08-03,,,,,2020-08-03,2018-12-07,2018-08-24,,,
189,2019-09-03,,,,,,,2020-06-17,,,,,
190,2019-09-03,,,,,,,2020-06-17,,,,,
193,2019-09-16,,,,,,,2019-11-06,,,,,
194,2018-06-28,,,,,,,2020-01-03,,,,,
196,2018-12-12,2018-12-12,,,,,,2019-01-29,2019-01-28,,,,
228,2020-09-28,2020-08-13,2020-02-18,2019-09-27,,,,2021-03-22,2020-08-27,2020-06-24,2019-10-15,,
229,2018-01-03,,,,,,,2018-02-16,,,,,
233,2018-12-27,2018-04-04,,,,,,2019-10-04,2018-11-29,,,,
241,2018-06-11,,,,,,,2019-12-03,,,,,
262,2020-04-24,2020-03-26,,,,,,2020-05-04,2020-04-07,,,,
266,2019-12-04,,,,,,,2020-01-27,,,,,
267,2020-06-10,2020-06-10,2019-02-28,,,,,2020-09-17,2020-06-23,2019-05-09,,,
268,2019-04-10,,,,,,,2020-01-09,,,,,
269,2018-09-20,,,,,,,2020-02-14,,,,,
270,2018-03-23,,,,,,,2019-02-06,,,,,
271,2019-07-05,,,,,,,2019-08-13,,,,,
281,2018-11-09,,,,,,,2019-03-25,,,,,
289,2021-01-27,2018-10-16,2018-06-25,,,,,2019-07-26,2018-06-29,,,,
298,2021-03-09,2020-02-20,,,,,,2020-03-18,,,,,
303,2021-03-19,2018-07-25,2018-07-10,,,,,2018-10-05,2018-07-25,,,,
304,2021-03-22,2018-05-17,2018-05-17,,,,,2018-05-25,,,,,
306,2021-03-26,2018-10-15,,,,,,2020-07-27,,,,,
307,2021-03-28,2018-05-24,,,,,,2018-06-19,,,,,
308,2021-03-28,2018-08-21,,,,,,2019-05-07,,,,,
309,2021-04-04,2018-12-19,2018-08-17,,,,,2019-03-04,2018-12-03,,,,
312,2021-04-09,2019-03-29,2018-11-20,,,,,2019-12-09,2019-03-20,,,,
318,2020-07-05,2017-08-28,,,,,,2018-03-16,,,,,
326,2020-07-26,2020-05-07,,,,,,2020-05-28,,,,,
330,2020-08-10,2017-10-04,,,,,,2019-04-15,,,,,
333,2020-08-14,2017-12-18,,,,,,2019-02-26,,,,,
334,2020-08-16,2018-01-22,2017-11-30,,,,,2018-03-02,2017-12-07,,,,
335,2020-08-18,2018-04-30,,,,,,2018-09-17,,,,,
337,2020-08-20,2019-10-08,,,,,,2020-01-06,,,,,
338,2020-08-22,2018-10-17,,,,,,2019-05-06,,,,,
339,2020-08-26,2018-11-21,,,,,,2018-12-21,,,,,
340,2020-08-28,2019-01-31,,,,,,2019-11-05,,,,,
342,2020-08-31,2018-11-30,,,,,,2019-03-06,,,,,
347,2020-09-14,2019-10-24,,,,,,2019-12-04,,,,,
353,2021-01-02,2020-08-12,,,,,,2020-09-03,,,,,
354,2021-01-22,2018-05-25,2018-04-24,,,,,2018-08-22,2018-04-27,,,,
358,2020-10-07,2019-11-18,,,,,,2020-01-16,,,,,
359,2020-10-07,2018-05-21,,,,,,2018-06-12,,,,,
360,2020-10-08,2019-12-11,2019-10-07,2019-05-21,,,,2020-01-08,2019-11-06,2019-09-10,,,
364,2020-10-13,2018-02-22,,,,,,2018-09-10,,,,,
366,2020-10-23,2018-03-28,,,,,,2019-12-02,,,,,
369,2020-10-08,2020-07-06,,,,,,2020-07-08,,,,,
371,2020-11-07,2018-08-09,2018-01-16,,,,,2018-12-20,2018-04-05,,,,
372,2020-11-08,2019-09-13,2019-01-15,,,,,2020-01-08,2019-02-21,,,,
379,2020-11-05,2018-10-31,,,,,,2020-06-30,,,,,
384,2020-12-29,2019-08-22,,,,,,2020-01-27,,,,,
387,2021-03-10,2020-09-21,,,,,,2021-02-26,,,,,
391,2021-03-24,2021-01-21,,,,,,2021-02-22,,,,,
392,2021-03-09,2020-03-10,,,,,,2020-06-22,,,,,
393,2021-04-17,2019-02-06,,,,,,2019-10-18,,,,,
396,2021-04-09,2020-05-26,,,,,,2021-01-05,,,,,
399,2021-05-14,2018-12-18,,,,,,2019-06-19,,,,,
400,2021-05-16,2019-11-27,,,,,,2019-12-09,,,,,
401,2019-11-05,2019-09-30,,,,,,2020-08-19,2019-10-24,,,,
404,2021-05-25,2020-04-27,,,,,,2020-09-11,,,,,
407,2021-06-02,2019-07-03,2019-07-03,,,,,2019-09-27,2019-07-08,,,,
408,2020-09-05,2018-07-25,,,,,,2019-03-11,,,,,
409,2020-09-18,2018-05-22,,,,,,2018-12-05,,,,,
410,2020-01-02,2020-01-02,2019-02-21,,,,,2020-06-11,2020-01-07,2019-07-31,,,
413,2019-11-15,,,,,,,2020-03-24,,,,,
415,2017-10-23,,,,,,,2017-10-27,,,,,
416,2019-01-28,,,,,,,2019-09-18,,,,,
417,2018-09-20,,,,,,,2018-12-07,,,,,
418,2017-09-18,2017-09-18,,,,,,2018-09-21,2017-09-27,,,,
433,2017-10-24,,,,,,,2019-08-15,,,,,
446,2019-03-25,,,,,,,2019-03-29,,,,,
459,2020-01-27,,,,,,,2020-06-04,,,,,
468,2020-01-03,2019-08-12,,,,,,2020-01-24,2019-12-26,,,,
472,2018-04-23,,,,,,,2019-08-16,,,,,
480,2019-10-28,,,,,,,2019-11-18,,,,,
482,2019-01-15,2018-04-10,2018-02-06,,,,,2019-02-04,2018-12-12,2018-03-14,,,
547,2018-03-14,,,,,,,2018-12-06,,,,,
594,2018-11-30,,,,,,,2019-01-02,,,,,
595,2019-06-04,,,,,,,2020-01-02,,,,,
596,2019-08-21,,,,,,,2020-01-02,,,,,
597,2019-09-09,2019-01-09,,,,,,2020-01-02,2019-01-09,,,,
598,2019-12-16,,,,,,,2020-01-02,,,,,
599,2018-10-24,,,,,,,2019-01-03,,,,,
600,2019-07-23,2018-06-04,,,,,,2020-01-03,2019-06-28,,,,
601,2019-09-27,,,,,,,2020-01-03,,,,,
602,2019-11-25,,,,,,,2020-01-03,,,,,
603,2018-10-16,2018-06-28,2017-12-28,,,,,2019-01-04,2018-09-19,2018-06-19,,,
604,2018-12-28,,,,,,,2019-01-04,,,,,
605,2020-07-06,,,,,,,2021-01-04,,,,,
606,2020-12-18,2020-12-18,2020-07-27,2020-07-27,2019-05-20,2019-05-20,2018-11-10,2021-01-05,2020-11-02,2020-07-09,2018-12-17,,
607,2020-12-25,,,,,,,2021-01-05,,,,,
608,2019-05-30,2019-05-14,,,,,,2020-01-06,2019-05-23,,,,
609,2019-09-17,,,,,,,2020-01-06,,,,,
610,2019-10-17,,,,,,,2020-01-06,,,,,
611,2019-12-05,,,,,,,2020-01-06,,,,,
612,2019-12-19,,,,,,,2020-01-06,,,,,
613,2021-01-06,,,,,,,2021-01-06,,,,,
614,2020-03-09,2019-10-22,,,,,,2021-01-06,2019-10-24,,,,
615,2019-08-15,,,,,,,2021-01-06,,,,,
616,2019-01-02,,,,,,,2019-01-07,,,,,
617,2019-04-25,2019-02-26,,,,,,2020-01-07,2019-02-27,,,,
618,2019-06-17,2018-02-22,,,,,,2020-01-07,2019-06-04,,,,
619,2019-07-08,,,,,,,2020-01-07,,,,,
620,2019-07-31,,,,,,,2020-01-07,,,,,
621,2019-10-15,,,,,,,2020-01-07,,,,,
622,2019-11-12,,,,,,,2020-01-07,,,,,
623,2019-12-17,2018-11-16,,,,,,2020-01-07,2019-11-21,,,,
624,2019-12-20,2019-11-26,,,,,,2020-01-07,2019-12-16,,,,
626,2017-12-22,2017-11-09,,,,,,2018-01-08,2017-12-14,,,,
627,2017-12-22,,,,,,,2018-01-08,,,,,
628,2018-07-26,2017-12-07,,,,,,2019-01-08,2018-07-09,,,,
629,2018-07-26,2017-12-07,,,,,,2019-01-08,2018-07-09,,,,
630,2019-07-03,,,,,,,2020-01-08,,,,,
631,2019-09-11,2019-05-10,2019-01-03,2018-08-15,,,,2020-01-08,2019-08-05,2019-04-01,2018-12-14,,
632,2017-12-28,,,,,,,2018-01-09,,,,,
633,2018-07-27,,,,,,,2019-01-09,,,,,
634,2017-11-30,2017-10-09,2017-09-27,,,,,2019-01-09,2017-11-08,2017-09-27,,,
635,2018-12-06,,,,,,,2019-01-09,,,,,
636,2017-12-12,,,,,,,2019-01-09,,,,,
637,2020-01-09,2019-10-29,2018-12-13,,,,,2020-01-09,2019-12-03,2019-10-02,,,
638,2019-04-25,,,,,,,2020-01-09,,,,,
639,2019-04-29,2019-04-29,2018-08-13,2018-02-23,,,,2020-01-09,2019-02-05,2018-05-10,,,
640,2019-06-28,,,,,,,2020-01-09,,,,,
641,2019-07-19,2018-06-19,,,,,,2020-01-09,2019-07-03,,,,
642,2019-07-24,,,,,,,2020-01-09,,,,,
643,2019-09-10,2018-11-05,,,,,,2020-01-09,2019-01-03,,,,
644,2019-10-25,,,,,,,2020-01-09,,,,,
645,2019-11-12,2019-06-14,,,,,,2020-01-09,2019-09-27,,,,
646,2018-08-27,,,,,,,2019-01-10,,,,,
647,2018-12-11,,,,,,,2019-01-10,,,,,
648,2019-02-27,2018-06-26,,,,,,2020-01-10,2019-02-13,,,,
649,2019-05-30,2019-04-04,,,,,,2020-01-10,2019-04-25,,,,
650,2019-08-05,2018-12-21,,,,,,2020-01-10,2019-07-12,,,,
651,2019-12-10,2019-06-24,2018-09-11,2018-09-11,,,,2020-01-10,2019-12-03,2019-06-17,2018-09-11,,
652,2017-09-12,,,,,,,2018-01-11,,,,,
653,2019-01-10,,,,,,,2019-01-11,,,,,
654,2017-09-27,,,,,,,2019-01-11,,,,,
655,2020-08-06,,,,,,,2021-01-11,,,,,
656,2020-10-01,2020-10-01,2020-01-17,2019-06-17,,,,2021-01-11,2021-01-11,2020-01-17,2020-01-07,,
658,2020-09-20,2019-09-19,,,,,,2021-01-12,2019-09-25,,,,
659,2020-12-04,2020-12-04,2019-06-28,,,,,2021-01-12,2021-01-11,2020-10-07,,,
660,2019-02-13,2017-10-25,,,,,,2020-01-13,2018-01-04,,,,
661,2019-09-25,,,,,,,2020-01-13,,,,,
662,2019-10-30,2019-04-26,2018-10-17,,,,,2020-01-13,2019-09-03,2019-04-24,,,
663,2020-07-16,,,,,,,2021-01-13,,,,,
664,2020-09-01,2020-09-01,,,,,,2021-01-13,,,,,
665,2020-11-06,2020-11-06,2019-12-23,,,,,2021-01-13,2020-11-06,2020-04-06,,,
666,2019-11-21,2019-08-28,,,,,,2021-01-13,2019-08-30,,,,
667,2020-01-03,,,,,,,2020-01-14,,,,,
668,2020-01-07,,,,,,,2020-01-14,,,,,
669,2019-08-22,,,,,,,2020-01-14,,,,,
670,2019-10-21,,,,,,,2020-01-14,,,,,
671,2019-11-26,2019-10-16,2019-01-22,,,,,2020-01-14,2019-10-30,2019-08-15,,,
672,2019-12-02,,,,,,,2020-01-14,,,,,
673,2020-07-18,2019-07-05,2019-01-26,,,,,2021-01-14,2020-06-29,2019-03-22,,,
674,2020-08-14,2019-12-30,2019-07-08,,,,,2021-01-14,2020-01-06,2019-12-11,,,
675,2019-03-18,,,,,,,2020-01-15,,,,,
676,2018-05-31,,,,,,,2020-01-15,,,,,
677,2019-08-19,,,,,,,2020-01-15,,,,,
678,2019-09-18,,,,,,,2020-01-15,,,,,
679,2019-10-03,,,,,,,2020-01-15,,,,,
680,2020-06-05,,,,,,,2021-01-15,,,,,
681,2018-01-05,,,,,,,2018-01-16,,,,,
682,2018-03-05,2018-03-05,,,,,,2019-01-16,2018-03-26,,,,
683,2018-12-06,,,,,,,2019-01-16,,,,,
684,2020-01-16,2019-12-13,2018-02-22,,,,,2020-01-16,2020-01-08,2019-10-25,,,
685,2019-11-13,,,,,,,2020-01-16,,,,,
686,2018-11-27,,,,,,,2020-01-16,,,,,
687,2019-07-03,,,,,,,2020-01-17,,,,,
688,2019-08-06,2018-12-10,2018-09-24,2018-05-18,,,,2020-01-17,2019-01-23,2018-10-31,2018-08-29,,
689,2019-09-17,,,,,,,2020-01-17,,,,,
690,2019-10-29,2019-07-15,,,,,,2020-01-17,2019-10-21,,,,
691,2018-01-04,,,,,,,2018-01-18,,,,,
692,2017-09-07,,,,,,,2018-01-18,,,,,
693,2017-12-05,,,,,,,2018-01-18,,,,,
694,2017-12-15,,,,,,,2018-01-18,,,,,
695,2018-09-19,,,,,,,2019-01-18,,,,,
696,2017-12-13,,,,,,,2018-01-19,,,,,
697,2020-01-27,,,,,,,2021-01-19,,,,,
698,2020-10-16,2020-01-30,2019-08-05,,,,,2021-01-19,2020-07-13,2020-01-09,,,
699,2019-11-25,2019-11-25,2019-06-13,,,,,2021-01-19,2019-10-18,,,,
700,2018-12-14,,,,,,,2021-01-19,,,,,
701,2019-04-22,,,,,,,2021-01-20,,,,,
702,2020-07-23,2021-04-11,2020-07-23,,,,,2021-01-20,,,,,
703,2020-07-31,2019-05-13,2019-05-13,2019-05-13,,,,2021-01-20,2019-12-18,2019-05-21,2019-05-21,,
704,2020-12-18,,,,,,,2021-01-20,,,,,
705,2020-01-10,,,,,,,2020-01-21,,,,,
706,2019-01-23,,,,,,,2020-01-21,,,,,
707,2019-08-21,,,,,,,2020-01-21,,,,,
708,2019-09-06,,,,,,,2020-01-21,,,,,
709,2019-12-05,,,,,,,2020-01-21,,,,,
710,2019-12-12,,,,,,,2020-01-21,,,,,
711,2020-02-03,,,,,,,2021-01-21,,,,,
712,2020-08-21,,,,,,,2021-01-21,,,,,
713,2019-06-21,,,,,,,2020-01-22,,,,,
714,2019-07-23,,,,,,,2020-01-22,,,,,
715,2019-10-30,2018-09-21,,,,,,2020-01-22,2019-10-11,,,,
716,2019-12-19,,,,,,,2020-01-22,,,,,
717,2020-06-05,2020-06-05,2019-02-25,,,,,2021-01-22,2020-07-28,2019-10-28,,,
718,2020-12-11,2020-06-01,,,,,,2021-01-22,2020-07-17,,,,
719,2020-12-20,,,,,,,2021-01-22,,,,,
720,2018-01-19,,,,,,,2018-01-23,,,,,
721,2019-01-05,2018-07-31,,,,,,2019-01-23,2018-12-20,,,,
722,2020-01-21,2018-07-20,,,,,,2020-01-23,2020-01-08,,,,
723,2019-10-18,,,,,,,2020-01-23,,,,,
724,2019-11-01,,,,,,,2020-01-23,,,,,
725,2019-01-17,,,,,,,2019-01-24,,,,,
726,2018-10-29,,,,,,,2019-01-24,,,,,
727,2020-01-23,,,,,,,2020-01-24,,,,,
728,2019-08-26,,,,,,,2020-01-24,,,,,
729,2018-03-26,2018-01-09,2017-10-10,,,,,2019-01-25,2018-03-08,2018-01-04,,,
730,2018-11-02,,,,,,,2019-01-25,,,,,
731,2018-11-29,,,,,,,2019-01-25,,,,,
732,2021-01-25,2018-05-11,2021-01-25,2018-05-11,,,,2021-01-25,2018-09-06,2018-09-06,,,
734,2021-01-05,2020-11-24,,,,,,2021-01-26,2020-12-14,,,,
735,2020-07-28,,,,,,,2021-01-26,,,,,
736,2019-08-26,,,,,,,2020-01-27,,,,,
737,2018-08-28,2018-08-17,,,,,,2020-01-27,2018-08-24,,,,
738,2019-11-01,,,,,,,2020-01-27,,,,,
739,2019-11-04,2019-07-05,2019-03-18,,,,,2020-01-27,2019-09-17,2019-06-06,,,
740,2019-11-15,,,,,,,2020-01-27,,,,,
741,2019-11-15,2019-01-22,2017-08-29,,,,,2020-01-27,2019-03-07,2019-01-10,,,
742,2019-01-12,2018-07-30,,,,,,2020-01-28,2018-08-07,,,,
743,2020-01-16,,,,,,,2020-01-28,,,,,
744,2019-03-12,,,,,,,2020-01-28,,,,,
745,2019-10-10,2019-08-19,2018-02-05,,,,,2020-01-28,2019-09-04,2019-08-02,,,
746,2019-11-24,,,,,,,2020-01-28,,,,,
747,2019-12-10,,,,,,,2020-01-28,,,,,
748,2017-11-22,,,,,,,2018-01-29,,,,,
749,2018-12-17,2018-11-16,,,,,,2019-01-29,2018-12-14,,,,
750,2020-01-09,2019-05-21,,,,,,2020-01-29,2019-10-31,,,,
751,2020-01-09,2019-06-11,,,,,,2020-01-29,2019-10-31,,,,
752,2018-05-15,,,,,,,2020-01-29,,,,,
753,2018-10-10,,,,,,,2020-01-29,,,,,
754,2018-01-23,,,,,,,2018-01-30,,,,,
755,2017-09-13,,,,,,,2018-01-30,,,,,
756,2018-06-04,,,,,,,2019-01-30,,,,,
757,2018-12-10,,,,,,,2019-01-30,,,,,
758,2020-01-29,,,,,,,2020-01-30,,,,,
759,2018-03-14,2018-01-22,,,,,,2020-01-30,2018-01-29,,,,
760,2018-04-10,,,,,,,2020-01-30,,,,,
761,2019-07-30,,,,,,,2020-01-30,,,,,
762,2017-11-06,,,,,,,2020-01-30,,,,,
763,2018-10-16,,,,,,,2019-01-31,,,,,
764,2018-11-21,,,,,,,2019-01-31,,,,,
765,2019-01-07,2018-06-28,,,,,,2020-01-31,2018-09-07,,,,
766,2019-10-07,,,,,,,2020-01-31,,,,,
767,2018-11-21,,,,,,,2020-01-31,,,,,
768,2019-11-26,,,,,,,2020-01-31,,,,,
769,2021-01-29,2019-01-24,,,,,,2021-02-01,2019-02-04,,,,
770,2018-01-08,,,,,,,2018-02-02,,,,,
771,2021-02-03,,,,,,,2021-02-02,,,,,
772,2020-08-04,,,,,,,2021-02-02,,,,,
773,2020-12-28,2020-12-28,,,,,,2021-02-02,2021-01-20,,,,
774,2020-01-31,,,,,,,2020-02-03,,,,,
775,2020-01-31,2019-07-03,,,,,,2020-02-03,2020-01-08,,,,
776,2019-05-28,2019-04-16,,,,,,2020-02-03,2019-05-02,,,,
777,2019-12-13,2019-02-11,2018-11-06,,,,,2020-02-03,2019-09-09,2019-01-15,,,
778,2021-01-25,,,,,,,2021-02-03,,,,,
779,2021-01-29,,,,,,,2021-02-03,,,,,
780,2020-12-02,,,,,,,2021-02-03,,,,,
781,2018-01-04,,,,,,,2019-02-04,,,,,
782,2019-01-22,,,,,,,2019-02-04,,,,,
783,2019-01-24,,,,,,,2019-02-04,,,,,
784,2018-10-31,2018-03-26,,,,,,2019-02-04,2018-10-25,,,,
785,2020-01-30,,,,,,,2020-02-04,,,,,
786,2019-04-09,,,,,,,2020-02-04,,,,,
787,2019-12-02,,,,,,,2020-02-04,,,,,
788,2020-12-02,,,,,,,2021-02-04,,,,,
789,2021-01-28,2020-07-16,,,,,,2021-02-04,2020-10-08,,,,
790,2018-03-13,,,,,,,2019-02-05,,,,,
791,2018-04-30,,,,,,,2019-02-05,,,,,
792,2018-07-18,2018-06-07,,,,,,2019-02-05,2018-06-11,,,,
793,2018-12-31,,,,,,,2019-02-05,,,,,
794,2019-01-17,,,,,,,2020-02-05,,,,,
795,2019-01-31,,,,,,,2020-02-05,,,,,
796,2019-09-30,,,,,,,2020-02-05,,,,,
797,2017-12-06,2017-12-06,,,,,,2018-02-06,2017-12-14,,,,
798,2019-01-09,,,,,,,2019-02-06,,,,,
799,2019-01-28,2018-10-04,2018-06-11,,,,,2019-02-06,2018-11-05,2018-06-27,,,
800,2019-02-05,,,,,,,2019-02-07,,,,,
801,2018-10-31,,,,,,,2019-02-07,,,,,
802,2020-01-28,,,,,,,2020-02-07,,,,,
803,2020-02-03,2019-04-01,,,,,,2020-02-07,2019-04-11,,,,
804,2019-08-23,2018-06-19,,,,,,2020-02-07,2018-07-18,,,,
805,2019-10-04,,,,,,,2020-02-07,,,,,
806,2018-12-19,,,,,,,2019-02-08,,,,,
807,2019-12-02,,,,,,,2021-02-08,,,,,
808,2021-01-04,2020-08-19,,,,,,2021-02-09,2020-10-16,,,,
809,2021-01-04,2020-08-19,,,,,,2021-02-09,2020-10-16,,,,
810,2020-05-27,,,,,,,2021-02-09,,,,,
811,2019-08-30,,,,,,,2020-02-10,,,,,
812,2019-12-12,,,,,,,2020-02-10,,,,,
814,2020-06-08,2020-06-08,2018-11-15,,,,,2021-02-10,2020-07-16,2019-12-04,,,
815,2020-08-07,,,,,,,2021-02-10,,,,,
816,2020-09-30,2020-09-30,,,,,,2021-02-10,2020-09-30,,,,
817,2019-02-08,,,,,,,2019-02-11,,,,,
818,2018-06-19,2018-04-09,,,,,,2019-02-11,2018-05-10,,,,
820,2019-06-11,,,,,,,2020-02-11,,,,,
821,2018-08-13,,,,,,,2020-02-11,,,,,
822,2018-01-09,,,,,,,2018-02-12,,,,,
823,2019-01-16,,,,,,,2019-02-12,,,,,
824,2019-02-05,2018-05-17,2018-03-29,,,,,2019-02-12,2018-07-02,2018-05-10,,,
825,2019-02-01,2018-10-05,,,,,,2020-02-12,2018-11-21,,,,
826,2019-03-20,,,,,,,2020-02-12,,,,,
827,2018-09-04,,,,,,,2020-02-12,,,,,
828,2020-11-30,2020-04-30,,,,,,2021-02-12,2020-09-10,,,,
829,2017-07-31,,,,,,,2019-02-13,,,,,
830,2019-03-13,2019-01-04,2018-12-14,,,,,2020-02-13,2019-02-01,2018-12-14,,,
831,2019-06-17,2019-02-05,,,,,,2020-02-13,2019-04-05,,,,
832,2019-10-14,,,,,,,2020-02-13,,,,,
833,2019-10-21,,,,,,,2020-02-13,,,,,
834,2019-12-06,,,,,,,2020-02-13,,,,,
835,2019-12-19,,,,,,,2020-02-13,,,,,
836,2017-12-11,,,,,,,2018-02-14,,,,,
837,2018-03-16,,,,,,,2019-02-14,,,,,
838,2020-01-23,,,,,,,2020-02-14,,,,,
839,2018-04-04,2018-01-29,,,,,,2020-02-14,2018-03-08,,,,
840,2017-09-05,,,,,,,2018-02-15,,,,,
841,2021-02-12,,,,,,,2021-02-16,,,,,
842,2020-09-11,2020-02-10,,,,,,2021-02-16,2020-02-18,,,,
843,2020-09-04,2020-07-16,,,,,,2021-02-17,2020-07-24,,,,
844,2019-01-22,,,,,,,2020-02-18,,,,,
845,2019-06-11,2018-12-10,2018-11-16,,,,,2020-02-18,2019-06-06,2018-11-28,,,
846,2019-07-23,2019-06-17,2019-04-09,2018-11-27,2018-10-19,,,2020-02-18,2019-06-28,2019-05-02,2019-03-21,2018-11-15,
847,2019-10-28,2019-02-26,,,,,,2020-02-18,2019-09-06,,,,
848,2019-11-25,,,,,,,2020-02-18,,,,,
849,2020-08-26,2020-08-26,,,,,,2021-02-18,2020-08-26,,,,
850,2019-02-04,,,,,,,2019-02-19,,,,,
851,2020-01-15,2019-03-21,,,,,,2020-02-19,2019-05-16,,,,
852,2019-06-06,,,,,,,2020-02-19,,,,,
853,2019-07-16,,,,,,,2020-02-19,,,,,
854,2019-12-27,,,,,,,2020-02-19,,,,,
855,2018-02-02,,,,,,,2018-02-20,,,,,
856,2018-03-26,,,,,,,2019-02-20,,,,,
857,2018-04-11,2018-03-05,,,,,,2020-02-20,2018-03-08,,,,
858,2019-04-25,,,,,,,2020-02-20,,,,,
859,2018-09-11,,,,,,,2020-02-20,,,,,
860,2019-09-16,2019-09-16,,,,,,2020-02-20,,,,,
861,2018-10-25,,,,,,,2020-02-20,,,,,
862,2017-09-11,,,,,,,2018-02-21,,,,,
863,2019-01-02,,,,,,,2019-02-21,,,,,
864,2019-01-31,,,,,,,2019-02-21,,,,,
865,2019-01-31,,,,,,,2019-02-21,,,,,
866,2019-02-14,2018-09-06,,,,,,2019-02-21,2019-01-07,,,,
867,2018-11-14,,,,,,,2019-02-21,,,,,
868,2020-01-09,,,,,,,2020-02-21,,,,,
869,2020-01-09,,,,,,,2020-02-21,,,,,
870,2019-07-24,2019-03-29,,,,,,2020-02-21,2019-07-16,,,,
871,2019-08-05,2020-09-24,,,,,,2020-02-21,,,,,
872,2019-08-05,,,,,,,2020-02-21,,,,,
873,2018-02-20,,,,,,,2018-02-22,,,,,
874,2019-02-04,,,,,,,2019-02-22,,,,,
875,2017-10-12,,,,,,,2019-02-22,,,,,
876,2021-02-08,,,,,,,2021-02-22,,,,,
877,2021-02-08,,,,,,,2021-02-22,,,,,
878,2020-02-20,,,,,,,2020-02-24,,,,,
879,2019-08-26,,,,,,,2020-02-24,,,,,
880,2021-02-18,,,,,,,2021-02-24,,,,,
881,2020-08-24,,,,,,,2021-02-24,,,,,
882,2019-02-20,,,,,,,2019-02-25,,,,,
883,2019-04-11,,,,,,,2020-02-25,,,,,
884,2018-10-08,,,,,,,2020-02-25,,,,,
885,2019-02-08,2018-10-22,2018-07-19,2018-06-29,,,,2019-02-26,2019-01-03,2018-09-17,2018-07-13,,
886,2019-02-15,,,,,,,2019-02-26,,,,,
887,2018-03-26,2017-11-29,,,,,,2019-02-26,2018-01-24,,,,
888,2018-10-29,2018-07-19,2018-03-21,,,,,2019-02-26,2018-09-17,2018-07-13,,,
889,2019-05-16,,,,,,,2020-02-26,,,,,
890,2018-08-14,,,,,,,2020-02-26,,,,,
891,2020-01-13,,,,,,,2021-02-26,,,,,
892,2021-02-05,,,,,,,2021-02-26,,,,,
893,2021-02-09,,,,,,,2021-02-26,,,,,
894,2021-02-17,,,,,,,2021-02-26,,,,,
895,2021-02-21,,,,,,,2021-02-26,,,,,
896,2018-01-19,,,,,,,2018-02-27,,,,,
897,2018-10-16,2018-06-09,2018-02-15,,,,,2019-02-27,2018-09-25,2018-05-25,,,
898,2019-04-04,2018-05-21,,,,,,2020-02-27,2018-08-14,,,,
899,2019-11-20,2019-07-17,2019-03-20,,,,,2020-02-27,2019-10-04,2019-06-11,,,
900,2019-01-22,2018-07-06,,,,,,2019-02-28,2018-11-30,,,,
901,2018-08-27,,,,,,,2019-02-28,,,,,
902,2020-02-11,2018-07-09,,,,,,2020-02-28,2019-09-09,,,,
903,2019-01-16,,,,,,,2019-03-01,,,,,
904,2018-05-18,2017-09-27,2017-09-27,,,,,2019-03-01,2018-02-02,2017-09-29,,,
905,2018-05-18,2017-09-27,2017-09-27,,,,,2019-03-01,2018-02-02,2017-09-29,,,
906,2019-02-08,2019-02-08,,,,,,2020-03-02,2019-03-04,,,,
907,2020-02-24,,,,,,,2020-03-02,,,,,
908,2020-02-26,2019-08-06,2019-03-06,,,,,2020-03-02,2020-01-30,2019-07-24,,,
909,2020-02-28,,,,,,,2020-03-02,,,,,
910,2019-04-29,2018-02-20,,,,,,2020-03-02,2019-03-27,,,,
911,2019-06-24,,,,,,,2020-03-02,,,,,
912,2018-08-03,,,,,,,2020-03-02,,,,,
913,2019-10-11,,,,,,,2020-03-02,,,,,
914,2021-02-24,,,,,,,2021-03-02,,,,,
915,2021-02-25,,,,,,,2021-03-02,,,,,
916,2020-12-20,2019-01-23,,,,,,2021-03-02,2019-05-14,,,,
917,2020-01-17,,,,,,,2020-03-03,,,,,
918,2019-10-23,,,,,,,2020-03-03,,,,,
919,2021-02-18,,,,,,,2021-03-03,,,,,
920,2019-07-01,2018-12-19,,,,,,2020-03-04,2019-06-10,,,,
921,2019-07-31,,,,,,,2020-03-04,,,,,
922,2019-08-28,,,,,,,2020-03-04,,,,,
923,2019-11-06,,,,,,,2020-03-04,,,,,
924,2021-03-23,2019-08-15,,,,,,2021-03-04,,,,,
925,2019-02-26,,,,,,,2019-03-05,,,,,
926,2018-03-19,,,,,,,2019-03-05,,,,,
927,2018-12-12,,,,,,,2019-03-05,,,,,
928,2018-04-01,,,,,,,2020-03-05,,,,,
929,2019-05-28,,,,,,,2020-03-05,,,,,
930,2018-12-03,2018-05-21,,,,,,2020-03-05,2018-10-12,,,,
931,2019-02-21,,,,,,,2019-03-06,,,,,
932,2019-02-26,,,,,,,2019-03-06,,,,,
933,2019-05-10,,,,,,,2020-03-06,,,,,
934,2019-09-23,,,,,,,2020-03-06,,,,,
935,2019-11-18,,,,,,,2020-03-06,,,,,
936,2018-08-17,2018-07-16,2018-03-16,,,,,2019-03-07,2018-07-23,2018-06-21,,,
937,2018-03-07,,,,,,,2018-03-08,,,,,
938,2019-02-01,2019-02-01,2017-11-17,,,,,2019-03-08,2019-02-01,2017-11-28,,,
939,2019-02-07,,,,,,,2019-03-08,,,,,
940,2018-02-28,,,,,,,2018-03-09,,,,,
941,2017-11-13,2017-11-13,,,,,,2018-03-09,2017-11-13,,,,
942,2020-02-28,2020-01-28,,,,,,2020-03-09,2020-02-05,,,,
943,2019-07-17,,,,,,,2020-03-09,,,,,
944,2019-08-05,,,,,,,2020-03-09,,,,,
945,2021-02-10,,,,,,,2021-03-09,,,,,
946,2021-03-08,,,,,,,2021-03-09,,,,,
947,2020-02-10,,,,,,,2020-03-10,,,,,
948,2020-02-18,,,,,,,2020-03-10,,,,,
949,2019-11-14,2019-04-01,,,,,,2020-03-10,2019-04-04,,,,
951,2020-10-26,,,,,,,2021-03-10,,,,,
952,2018-03-02,,,,,,,2018-03-12,,,,,
953,2020-01-28,,,,,,,2020-03-12,,,,,
954,2020-02-13,2019-07-16,,,,,,2020-03-12,2019-08-22,,,,
955,2018-04-03,,,,,,,2020-03-12,,,,,
956,2019-09-15,2019-05-12,2019-01-08,,,,,2020-03-12,2019-07-10,2019-04-08,,,
957,2019-01-30,,,,,,,2019-03-13,,,,,
958,2019-02-25,2019-01-02,,,,,,2019-03-13,2019-01-31,,,,
959,2018-11-27,,,,,,,2019-03-13,,,,,
960,2020-02-25,,,,,,,2020-03-13,,,,,
961,2019-06-04,,,,,,,2020-03-13,,,,,
962,2019-10-30,,,,,,,2020-03-13,,,,,
963,2018-03-08,,,,,,,2018-03-14,,,,,
964,2018-03-12,,,,,,,2018-03-14,,,,,
965,2019-03-08,,,,,,,2019-03-14,,,,,
966,2018-10-02,,,,,,,2019-03-15,,,,,
967,2020-08-14,2019-06-27,,,,,,2021-03-15,2020-03-05,,,,
968,2020-11-02,,,,,,,2021-03-15,,,,,
969,2020-02-17,2018-06-04,,,,,,2020-03-16,2019-06-26,,,,
970,2018-09-12,,,,,,,2020-03-16,,,,,
971,2020-02-26,,,,,,,2020-03-17,,,,,
972,2020-03-16,,,,,,,2020-03-17,,,,,
973,2021-01-29,2021-01-29,2020-08-06,,,,,2021-03-17,2021-02-02,2020-08-14,,,
974,2019-06-19,2019-06-19,,,,,,2021-03-17,2019-06-19,,,,
975,2020-08-31,,,,,,,2021-03-17,,,,,
976,2020-02-10,2019-05-14,,,,,,2020-03-18,2019-09-02,,,,
977,2020-03-04,,,,,,,2020-03-18,,,,,
978,2018-03-15,,,,,,,2018-03-19,,,,,
979,2019-02-08,2018-07-24,,,,,,2019-03-19,2019-01-22,,,,
980,2018-09-04,,,,,,,2019-03-19,,,,,
981,2020-03-19,,,,,,,2020-03-19,,,,,
982,2018-06-21,,,,,,,2020-03-19,,,,,
983,2020-08-03,,,,,,,2021-03-19,,,,,
984,2020-11-01,2018-09-28,,,,,,2021-03-19,2019-01-02,,,,
985,2019-11-27,,,,,,,2021-03-19,,,,,
986,2019-01-25,2018-03-05,2018-01-05,,,,,2019-03-20,2018-12-18,2018-02-05,,,
987,2019-03-12,,,,,,,2019-03-20,,,,,
988,2019-02-28,2019-02-28,,,,,,2020-03-20,2019-04-01,,,,
989,2019-09-27,2019-01-07,,,,,,2020-03-20,2019-06-05,,,,
990,2018-08-23,2018-05-31,2018-02-05,,,,,2019-03-21,2018-08-09,2018-05-15,,,
991,2018-02-21,,,,,,,2018-03-22,,,,,
992,2017-10-31,,,,,,,2018-03-22,,,,,
993,2019-01-28,,,,,,,2019-03-22,,,,,
994,2019-01-31,,,,,,,2019-03-22,,,,,
995,2019-02-23,2018-07-26,,,,,,2019-03-22,2019-01-28,,,,
998,2021-01-24,2020-05-27,,,,,,2021-03-22,2020-08-31,,,,
999,2019-06-20,,,,,,,2020-03-23,,,,,
1000,2019-11-30,2019-03-18,2019-03-18,2018-03-21,,,,2020-03-23,2019-07-17,2019-05-14,2018-03-22,,
1001,2020-01-13,,,,,,,2021-03-23,,,,,
1002,2019-09-03,,,,,,,2020-03-24,,,,,
1003,2021-01-04,2020-08-17,,,,,,2021-03-24,2020-08-25,,,,
1004,2018-08-13,,,,,,,2019-03-25,,,,,
1005,2020-02-03,,,,,,,2020-03-25,,,,,
1006,2019-02-09,2018-08-31,,,,,,2019-03-26,2018-10-19,,,,
1007,2019-08-05,2019-01-07,2019-01-07,2018-04-13,,,,2020-03-26,2019-07-02,2019-01-07,2018-05-03,,
1009,2019-01-31,2019-01-31,,,,,,2019-03-27,,,,,
1010,2019-03-20,,,,,,,2019-03-27,,,,,
1011,2019-03-11,2018-11-26,2018-07-30,2018-07-05,,,,2019-03-28,2019-02-22,2018-11-14,2018-07-13,,
1012,2019-02-28,,,,,,,2019-03-29,,,,,
1013,2017-10-19,,,,,,,2019-03-29,,,,,
1015,2021-02-10,2020-09-11,,,,,,2021-03-29,2020-09-28,,,,
1016,2020-05-08,,,,,,,2021-03-29,,,,,
1017,2020-11-06,,,,,,,2021-03-29,,,,,
1018,2021-03-08,2020-02-06,,,,,,2021-03-29,2020-08-21,,,,
1020,2020-01-06,2020-01-06,2018-08-06,,,,,2020-03-30,2020-02-12,2019-10-28,,,
1021,2019-05-31,,,,,,,2020-03-30,,,,,
1022,2021-02-25,2021-02-25,,,,,,2021-03-30,,,,,
1025,2021-01-05,,,,,,,2021-03-31,,,,,
1026,2019-09-11,,,,,,,2021-03-31,,,,,
1027,2019-03-19,,,,,,,2019-04-01,,,,,
1028,2018-11-29,,,,,,,2019-04-01,,,,,
1029,2018-11-29,,,,,,,2019-04-01,,,,,
1030,2018-11-14,,,,,,,2020-04-01,,,,,
1031,2019-03-15,2018-08-02,2018-03-23,2018-02-26,2018-01-16,,,2019-04-02,2019-01-04,2018-04-30,2018-03-21,2018-02-22,
1032,2019-03-27,,,,,,,2019-04-02,,,,,
1033,2017-12-14,,,,,,,2018-04-03,,,,,
1034,2019-03-21,,,,,,,2019-04-03,,,,,
1035,2017-10-13,,,,,,,2019-04-03,,,,,
1036,2020-02-07,2019-06-25,,,,,,2020-04-03,2019-08-12,,,,
1037,2019-03-21,2019-03-21,,,,,,2019-04-04,2019-03-21,,,,
1038,2019-03-22,2018-06-18,2018-05-10,,,,,2019-04-04,2019-03-01,2018-05-14,,,
1039,2019-04-04,2018-10-01,,,,,,2019-04-04,2019-03-14,,,,
1040,2018-06-26,2018-01-31,,,,,,2019-04-04,2018-06-14,,,,
1041,2018-09-07,,,,,,,2019-04-04,,,,,
1042,2018-09-13,,,,,,,2019-04-04,,,,,
1043,2019-02-20,,,,,,,2019-04-05,,,,,
1044,2021-04-05,2021-04-05,,,,,,2021-04-05,,,,,
1045,2018-02-21,,,,,,,2018-04-06,,,,,
1046,2018-08-20,,,,,,,2020-04-06,,,,,
1047,2021-03-16,,,,,,,2021-04-06,,,,,
1048,2020-09-11,,,,,,,2021-04-06,,,,,
1049,2018-05-18,,,,,,,2020-04-07,,,,,
1050,2019-08-12,2019-06-10,,,,,,2020-04-07,2019-08-07,,,,
1051,2019-08-25,2019-08-25,,,,,,2021-04-07,2019-09-20,,,,
1052,2019-02-26,2019-01-07,2018-05-31,,,,,2019-04-08,2019-01-31,2018-12-04,,,
1053,2019-07-03,,,,,,,2020-04-08,,,,,
1055,2021-02-24,,,,,,,2021-04-08,,,,,
1056,2021-03-18,,,,,,,2021-04-08,,,,,
1058,2017-10-10,,,,,,,2018-04-09,,,,,
1059,2018-10-16,2018-06-04,,,,,,2019-04-09,2018-09-28,,,,
1060,2020-03-30,,,,,,,2020-04-09,,,,,
1061,2021-04-02,2020-08-07,,,,,,2021-04-09,2020-08-11,,,,
1062,2019-01-17,,,,,,,2019-04-10,,,,,
1063,2019-03-28,,,,,,,2019-04-10,,,,,
1064,2018-03-23,,,,,,,2018-04-11,,,,,
1065,2017-12-28,,,,,,,2018-04-11,,,,,
1066,2018-01-15,,,,,,,2019-04-11,,,,,
1067,2019-02-19,2018-06-28,,,,,,2019-04-11,2018-12-04,,,,
1068,2018-06-11,,,,,,,2019-04-11,,,,,
1069,2018-03-06,,,,,,,2018-04-12,,,,,
1070,2019-03-12,,,,,,,2019-04-12,,,,,
1071,2019-03-12,,,,,,,2019-04-12,,,,,
1072,2018-09-17,,,,,,,2019-04-12,,,,,
1073,2018-10-08,,,,,,,2019-04-12,,,,,
1075,2021-03-26,2020-06-11,,,,,,2021-04-12,2020-11-13,,,,
1076,2021-04-12,,,,,,,2021-04-12,,,,,
1077,2018-04-11,,,,,,,2018-04-13,,,,,
1078,2018-11-02,2018-06-18,,,,,,2019-04-13,2018-07-05,,,,
1079,2019-12-17,,,,,,,2020-04-13,,,,,
1080,2021-03-16,,,,,,,2021-04-13,,,,,
1081,2020-03-09,2019-02-24,,,,,,2020-04-14,2019-09-06,,,,
1082,2019-06-06,,,,,,,2020-04-14,,,,,
1083,2021-01-29,2020-07-21,2019-12-16,2019-09-13,,,,2021-04-14,2020-10-14,2020-02-14,2019-10-30,,
1084,2019-03-18,2018-07-27,,,,,,2019-04-15,2019-02-25,,,,
1085,2018-11-30,,,,,,,2019-04-15,,,,,
1086,2018-12-14,,,,,,,2019-04-15,,,,,
1087,2018-07-27,2018-06-28,,,,,,2020-04-15,2018-07-10,,,,
1088,2018-01-19,,,,,,,2018-04-16,,,,,
1089,2020-03-20,2020-02-18,,,,,,2020-04-16,2020-03-02,,,,
1090,2019-12-07,,,,,,,2021-04-16,,,,,
1091,2018-04-03,,,,,,,2018-04-17,,,,,
1092,2017-10-20,,,,,,,2018-04-17,,,,,
1093,2019-02-21,2018-11-13,,,,,,2019-04-17,2019-01-22,,,,
1094,2019-04-12,,,,,,,2019-04-17,,,,,
1095,2017-12-06,2017-10-17,,,,,,2018-04-18,2017-11-09,,,,
1096,2019-01-08,,,,,,,2019-04-18,,,,,
1097,2018-05-16,,,,,,,2019-04-18,,,,,
1098,2018-06-13,,,,,,,2019-04-18,,,,,
1099,2018-06-13,,,,,,,2019-04-18,,,,,
1100,2018-06-22,,,,,,,2019-04-18,,,,,
1101,2020-03-23,,,,,,,2020-04-20,,,,,
1102,2020-03-30,,,,,,,2020-04-20,,,,,
1103,2020-04-03,,,,,,,2020-04-20,,,,,
1104,2020-04-17,,,,,,,2020-04-20,,,,,
1105,2020-12-09,2020-02-09,2019-07-31,,,,,2021-04-20,2020-09-30,2019-10-16,,,
1106,2020-03-25,2018-05-18,,,,,,2020-04-21,2020-01-16,,,,
1107,2020-03-31,,,,,,,2020-04-21,,,,,
1108,2020-08-25,2020-08-25,2020-03-11,,,,,2021-04-21,2020-03-16,,,,
1109,2017-11-02,2017-09-13,,,,,,2019-04-22,2017-09-22,,,,
1110,2018-11-06,2018-04-13,,,,,,2019-04-22,2018-10-04,,,,
1111,2020-01-09,,,,,,,2020-04-22,,,,,
1112,2020-04-02,2018-04-11,2018-04-11,,,,,2020-04-22,2020-03-13,2018-05-08,,,
1113,2019-07-18,,,,,,,2020-04-22,,,,,
1114,2018-08-31,,,,,,,2020-04-22,,,,,
1115,2019-09-04,,,,,,,2020-04-22,,,,,
1116,2021-04-22,2019-06-20,,,,,,2021-04-22,2019-07-03,,,,
1117,2018-09-13,,,,,,,2019-04-23,,,,,
1118,2020-03-09,2019-07-29,,,,,,2020-04-23,2019-10-18,,,,
1119,2020-03-20,,,,,,,2020-04-23,,,,,
1120,2020-04-01,,,,,,,2020-04-23,,,,,
1121,2020-04-22,,,,,,,2020-04-23,,,,,
1122,2017-12-19,,,,,,,2018-04-24,,,,,
1123,2019-03-04,2018-12-14,,,,,,2019-04-24,2019-01-04,,,,
1124,2019-04-03,,,,,,,2019-04-24,,,,,
1125,2018-09-21,2018-09-21,,,,,,2019-04-24,2018-09-26,,,,
1126,2018-11-06,,,,,,,2019-04-24,,,,,
1127,2017-12-21,,,,,,,2019-04-24,,,,,
1128,2020-01-17,,,,,,,2020-04-24,,,,,
1129,2020-03-08,2019-08-19,,,,,,2020-04-24,2020-01-07,,,,
1130,2020-04-03,,,,,,,2020-04-24,,,,,
1131,2020-04-09,,,,,,,2020-04-24,,,,,
1132,2020-04-09,,,,,,,2020-04-24,,,,,
1133,2020-04-09,2018-09-17,,,,,,2020-04-24,2020-03-09,,,,
1134,2019-11-07,,,,,,,2020-04-24,,,,,
1135,2019-12-23,,,,,,,2020-04-24,,,,,
1136,2018-03-22,,,,,,,2018-04-26,,,,,
1137,2017-12-01,,,,,,,2018-04-26,,,,,
1138,2019-04-25,,,,,,,2019-04-26,,,,,
1139,2018-07-01,,,,,,,2019-04-26,,,,,
1140,2018-04-24,,,,,,,2018-04-27,,,,,
1141,2020-03-06,2019-07-03,,,,,,2020-04-27,2019-10-18,,,,
1142,2020-03-17,,,,,,,2020-04-27,,,,,
1143,2020-03-31,,,,,,,2020-04-27,,,,,
1144,2020-03-31,,,,,,,2020-04-28,,,,,
1145,2021-01-26,,,,,,,2021-04-28,,,,,
1146,2018-08-22,,,,,,,2019-04-29,,,,,
1147,2018-11-10,,,,,,,2019-04-29,,,,,
1148,2020-04-15,2020-04-15,,,,,,2020-04-29,2020-04-15,,,,
1149,2018-12-27,,,,,,,2020-04-29,,,,,
1150,2021-01-22,2020-10-19,2020-03-18,2019-09-24,,,,2021-04-29,2020-12-18,2020-04-22,2020-03-06,,
1151,2021-04-28,,,,,,,2021-04-29,,,,,
1152,2020-09-23,,,,,,,2021-04-29,,,,,
1153,2019-01-07,2018-08-23,,,,,,2019-04-30,2018-12-06,,,,
1154,2020-02-25,,,,,,,2020-04-30,,,,,
1155,2020-03-30,2020-01-22,,,,,,2020-04-30,2020-02-06,,,,
1156,2020-04-27,,,,,,,2020-04-30,,,,,
1157,2018-04-02,,,,,,,2018-05-01,,,,,
1158,2018-12-17,,,,,,,2019-05-01,,,,,
1159,2019-01-09,,,,,,,2020-05-01,,,,,
1160,2019-03-04,2018-05-24,,,,,,2019-05-02,2018-06-05,,,,
1161,2019-04-10,,,,,,,2019-05-02,,,,,
1162,2019-05-02,,,,,,,2019-05-02,,,,,
1163,2018-03-22,,,,,,,2018-05-03,,,,,
1164,2019-03-05,,,,,,,2019-05-03,,,,,
1165,2019-04-09,,,,,,,2019-05-03,,,,,
1166,2021-05-03,,,,,,,2021-05-03,,,,,
1167,2021-05-03,,,,,,,2021-05-03,,,,,
1168,2021-05-03,,,,,,,2021-05-03,,,,,
1169,2020-07-06,,,,,,,2021-05-03,,,,,
1170,2020-12-15,,,,,,,2021-05-03,,,,,
1171,2018-03-27,,,,,,,2018-05-04,,,,,
1172,2019-04-05,,,,,,,2020-05-04,,,,,
1173,2018-10-12,,,,,,,2020-05-04,,,,,
1175,2020-04-08,,,,,,,2020-05-05,,,,,
1176,2020-04-16,,,,,,,2020-05-05,,,,,
1177,2019-10-22,,,,,,,2020-05-05,,,,,
1178,2021-05-04,2020-04-20,,,,,,2021-05-05,2020-06-22,,,,
1179,2021-05-05,,,,,,,2021-05-05,,,,,
1180,2018-02-08,2018-02-08,,,,,,2019-05-06,2018-03-12,,,,
1181,2019-04-08,,,,,,,2019-05-06,,,,,
1182,2019-11-14,,,,,,,2020-05-06,,,,,
1183,2018-06-08,2018-04-10,,,,,,2019-05-07,2018-04-25,,,,
1184,2019-04-18,,,,,,,2020-05-07,,,,,
1185,2020-09-14,,,,,,,2021-05-07,,,,,
1186,2017-09-29,,,,,,,2018-05-08,,,,,
1187,2019-04-12,2018-06-29,,,,,,2019-05-08,2019-03-26,,,,
1188,2018-07-23,,,,,,,2019-05-08,,,,,
1189,2019-05-21,,,,,,,2020-05-08,,,,,
1190,2018-04-23,,,,,,,2018-05-09,,,,,
1191,2018-04-27,,,,,,,2018-05-09,,,,,
1192,2019-03-08,2018-11-29,,,,,,2019-05-09,2019-02-08,,,,
1193,2019-04-18,,,,,,,2019-05-09,,,,,
1194,2019-05-06,2019-01-28,2018-10-19,2018-06-25,,,,2019-05-09,2019-03-07,2018-12-19,2018-08-01,,
1195,2018-07-19,,,,,,,2019-05-09,,,,,
1196,2018-01-26,,,,,,,2018-05-10,,,,,
1197,2017-10-25,,,,,,,2018-05-10,,,,,
1198,2019-05-09,,,,,,,2019-05-10,,,,,
1199,2019-11-25,2018-07-31,,,,,,2020-05-11,2019-02-26,,,,
1200,2020-10-23,2019-02-20,,,,,,2021-05-11,2020-05-11,,,,
1201,2018-02-28,,,,,,,2020-05-12,,,,,
1202,2020-04-09,,,,,,,2020-05-12,,,,,
1204,2018-04-16,,,,,,,2018-05-14,,,,,
1205,2018-11-27,,,,,,,2019-05-14,,,,,
1206,2018-06-28,2018-06-28,2018-06-28,,,,,2020-05-14,2018-08-22,2018-07-10,,,
1207,2019-05-07,2019-03-14,2018-01-03,,,,,2019-05-15,2019-04-25,2019-02-28,,,
1208,2019-05-13,,,,,,,2019-05-15,,,,,
1209,2019-01-15,,,,,,,2019-05-16,,,,,
1210,2018-11-02,2017-10-25,,,,,,2019-05-16,2018-09-11,,,,
1211,2018-11-29,,,,,,,2019-05-16,,,,,
1212,2018-02-24,,,,,,,2018-05-17,,,,,
1213,2018-04-02,,,,,,,2018-05-17,,,,,
1214,2021-05-13,,,,,,,2021-05-17,,,,,
1215,2021-05-14,,,,,,,2021-05-17,,,,,
1216,2020-12-09,2020-06-09,,,,,,2021-05-17,2020-10-13,,,,
1217,2020-01-31,,,,,,,2020-05-18,,,,,
1218,2020-02-18,,,,,,,2020-05-18,,,,,
1219,2019-02-21,2018-10-09,,,,,,2020-05-18,2018-10-09,,,,
1220,2020-05-15,2020-01-09,,,,,,2020-05-19,2020-05-11,,,,
1221,2019-07-23,2019-07-23,,,,,,2020-05-19,2019-07-23,,,,
1222,2019-08-27,2019-08-27,2019-07-18,,,,,2020-05-19,2019-09-17,2019-08-23,,,
1223,2019-09-09,,,,,,,2020-05-19,,,,,
1224,2019-04-15,,,,,,,2019-05-20,,,,,
1225,2019-05-03,,,,,,,2019-05-20,,,,,
1226,2019-05-03,,,,,,,2019-05-20,,,,,
1228,2020-01-24,,,,,,,2020-05-20,,,,,
1229,2020-02-06,2020-01-24,,,,,,2020-05-20,2020-01-29,,,,
1230,2020-04-03,,,,,,,2020-05-20,,,,,
1231,2021-05-20,,,,,,,2021-05-20,,,,,
1232,2018-05-13,,,,,,,2019-05-21,,,,,
1233,2018-06-29,,,,,,,2019-05-21,,,,,
1234,2020-03-20,,,,,,,2020-05-21,,,,,
1235,2020-04-03,,,,,,,2020-05-21,,,,,
1236,2019-05-03,,,,,,,2020-05-21,,,,,
1237,2018-03-05,,,,,,,2018-05-22,,,,,
1238,2018-05-16,,,,,,,2018-05-22,,,,,
1239,2018-04-10,,,,,,,2019-05-22,,,,,
1240,2019-04-30,2018-02-15,,,,,,2019-05-22,2018-05-09,,,,
1241,2019-04-30,2018-02-15,,,,,,2019-05-22,2018-07-12,,,,
1242,2020-01-02,2019-12-03,,,,,,2020-05-22,2019-12-26,,,,
1243,2020-01-02,2019-12-03,2018-03-20,2018-01-05,2017-11-30,,,2020-05-22,2019-12-26,2019-04-03,2018-02-12,2017-12-11,
1244,2020-04-16,,,,,,,2020-05-22,,,,,
1245,2019-07-18,2019-05-21,,,,,,2020-05-22,2019-07-05,,,,
1246,2019-10-16,,,,,,,2020-05-22,,,,,
1247,2019-11-13,,,,,,,2020-05-22,,,,,
1248,2018-01-24,,,,,,,2018-05-23,,,,,
1249,2017-10-31,,,,,,,2018-05-23,,,,,
1250,2018-12-10,,,,,,,2019-05-23,,,,,
1251,2021-04-05,,,,,,,2021-05-25,,,,,
1252,2020-03-16,2018-08-17,,,,,,2020-05-26,2019-08-27,,,,
1253,2020-04-13,,,,,,,2020-05-26,,,,,
1254,2020-05-18,,,,,,,2020-05-26,,,,,
1255,2021-05-26,2020-01-14,,,,,,2021-05-26,2020-07-20,,,,
1256,2020-05-13,,,,,,,2020-05-27,,,,,
1257,2019-11-22,,,,,,,2020-05-27,,,,,
1258,2018-02-20,,,,,,,2019-05-28,,,,,
1259,2019-05-07,,,,,,,2019-05-28,,,,,
1260,2019-04-18,2018-09-20,,,,,,2020-05-28,2019-02-08,,,,
1261,2018-12-28,,,,,,,2020-05-28,,,,,
1262,2018-04-09,,,,,,,2018-05-29,,,,,
1263,2019-05-03,,,,,,,2019-05-29,,,,,
1264,2020-05-13,,,,,,,2020-05-29,,,,,
1265,2018-03-12,,,,,,,2018-05-30,,,,,
1266,2019-02-06,,,,,,,2019-05-30,,,,,
1267,2018-02-07,2018-02-07,,,,,,2019-05-30,2018-02-07,,,,
1268,2018-11-28,2018-06-22,,,,,,2019-05-30,2018-11-21,,,,
1269,2019-05-07,,,,,,,2019-05-31,,,,,
1270,2020-04-02,,,,,,,2020-06-01,,,,,
1271,2020-02-28,,,,,,,2020-06-02,,,,,
1272,2019-03-12,,,,,,,2020-06-02,,,,,
1273,2020-03-30,2019-10-29,,,,,,2020-06-02,2020-01-29,,,,
1274,2020-05-21,,,,,,,2020-06-02,,,,,
1275,2019-10-22,2019-09-09,,,,,,2020-06-02,2019-09-25,,,,
1276,2019-11-29,2019-07-11,,,,,,2020-06-02,2019-09-25,,,,
1277,2018-12-31,2018-03-19,,,,,,2020-06-02,2018-03-26,,,,
1278,2019-01-31,,,,,,,2019-06-03,,,,,
1279,2020-03-17,,,,,,,2020-06-03,,,,,
1280,2020-04-22,2019-01-31,,,,,,2020-06-03,2020-01-07,,,,
1281,2019-12-16,2019-12-16,,,,,,2020-06-03,,,,,
1282,2019-12-21,2021-05-16,,,,,,2020-06-03,,,,,
1283,2021-05-06,2021-05-06,,,,,,2021-06-03,2021-06-03,,,,
1284,2021-06-02,,,,,,,2021-06-03,,,,,
1285,2018-05-07,,,,,,,2018-06-04,,,,,
1286,2019-04-03,2018-10-02,,,,,,2019-06-04,2019-03-12,,,,
1287,2019-05-14,,,,,,,2019-06-04,,,,,
1288,2017-12-04,,,,,,,2019-06-04,,,,,
1289,2020-02-28,,,,,,,2020-06-04,,,,,
1290,2018-07-26,2018-04-24,,,,,,2020-06-04,2018-07-06,,,,
1292,2021-04-30,,,,,,,2021-06-04,,,,,
1293,2021-05-04,,,,,,,2021-06-04,,,,,
1294,2018-04-12,,,,,,,2018-06-05,,,,,
1295,2018-05-31,,,,,,,2018-06-05,,,,,
1296,2018-06-01,,,,,,,2018-06-05,,,,,
1297,2018-06-05,,,,,,,2018-06-05,,,,,
1298,2019-03-11,,,,,,,2019-06-05,,,,,
1299,2019-03-11,,,,,,,2019-06-05,,,,,
1300,2019-03-11,2018-07-16,,,,,,2019-06-05,2018-08-06,,,,
1301,2018-03-21,,,,,,,2019-06-05,,,,,
1302,2018-08-03,,,,,,,2019-06-05,,,,,
1303,2018-09-06,,,,,,,2019-06-05,,,,,
1304,2018-12-10,,,,,,,2019-06-05,,,,,
1305,2020-01-29,,,,,,,2020-06-05,,,,,
1306,2020-03-20,2019-09-16,,,,,,2020-06-05,2020-02-10,,,,
1307,2019-04-12,,,,,,,2020-06-05,,,,,
1308,2020-04-15,2019-07-08,2019-06-10,,,,,2020-06-05,2020-04-09,2019-06-20,,,
1309,2018-08-27,,,,,,,2019-06-06,,,,,
1310,2019-06-05,2018-04-11,2017-10-13,,,,,2019-06-07,2019-05-21,2018-04-02,,,
1311,2018-08-03,,,,,,,2019-06-07,,,,,
1312,2021-04-23,2020-09-08,2019-09-23,,,,,2021-06-07,2021-03-08,2020-08-05,,,
1313,2021-05-28,2020-04-15,,,,,,2021-06-07,2020-05-29,,,,
1314,2020-09-08,2019-09-23,,,,,,2021-06-07,2020-08-05,,,,
1315,2018-01-31,2017-08-16,,,,,,2018-06-08,2018-01-10,,,,
1316,2018-04-05,,,,,,,2018-06-08,,,,,
1317,2020-01-22,,,,,,,2020-06-08,,,,,
1318,2020-05-26,,,,,,,2020-06-08,,,,,
1319,2020-06-02,,,,,,,2020-06-08,,,,,
1320,2018-12-18,,,,,,,2020-06-08,,,,,
1321,2019-05-02,,,,,,,2020-06-09,,,,,
1322,2019-06-13,,,,,,,2020-06-09,,,,,
1323,2018-07-12,,,,,,,2020-06-09,,,,,
1324,2021-04-28,2020-04-03,2019-12-12,,,,,2021-06-09,2020-08-19,2020-03-11,,,
1325,2020-10-13,2020-09-13,2019-11-15,,,,,2021-06-09,2020-09-17,2019-11-27,,,
1326,2019-03-15,,,,,,,2019-06-10,,,,,
1327,2019-04-23,,,,,,,2019-06-10,,,,,
1328,2019-04-23,,,,,,,2019-06-10,,,,,
1329,2019-05-23,,,,,,,2019-06-10,,,,,
1330,2019-03-05,,,,,,,2020-06-10,,,,,
1331,2020-03-09,2018-10-22,,,,,,2020-06-10,2018-11-06,,,,
1332,2017-10-31,,,,,,,2018-06-11,,,,,
1333,2018-03-12,,,,,,,2019-06-11,,,,,
1334,2019-04-10,,,,,,,2019-06-11,,,,,
1335,2018-05-03,,,,,,,2018-06-12,,,,,
1336,2018-06-08,2017-10-26,,,,,,2018-06-12,2018-04-25,,,,
1337,2018-05-10,,,,,,,2019-06-12,,,,,
1338,2019-05-14,,,,,,,2019-06-12,,,,,
1339,2018-11-20,,,,,,,2020-06-12,,,,,
1340,2019-04-05,,,,,,,2019-06-13,,,,,
1341,2019-05-24,,,,,,,2019-06-13,,,,,
1342,2018-11-15,,,,,,,2019-06-13,,,,,
1343,2018-02-08,,,,,,,2018-06-15,,,,,
1344,2018-05-30,,,,,,,2018-06-15,,,,,
1345,2018-08-14,,,,,,,2020-06-15,,,,,
1346,2019-12-03,,,,,,,2020-06-15,,,,,
1347,2018-01-26,,,,,,,2019-06-17,,,,,
1348,2019-03-08,2018-11-28,,,,,,2019-06-17,2019-03-08,,,,
1349,2018-04-02,,,,,,,2019-06-17,,,,,
1350,2019-06-12,,,,,,,2019-06-17,,,,,
1351,2020-01-03,2019-06-14,,,,,,2020-06-17,2019-07-12,,,,
1352,2020-01-10,2020-01-10,2019-11-08,,,,,2020-06-17,2020-01-02,,,,
1353,2020-04-08,,,,,,,2020-06-17,,,,,
1354,2018-08-28,,,,,,,2019-06-18,,,,,
1355,2020-06-15,2019-07-11,,,,,,2020-06-18,2020-06-08,,,,
1356,2019-07-16,,,,,,,2020-06-18,,,,,
1357,2018-05-30,,,,,,,2018-06-19,,,,,
1358,2018-06-19,2017-09-02,,,,,,2018-06-19,2018-05-21,,,,
1359,2018-05-08,,,,,,,2019-06-19,,,,,
1360,2019-05-24,,,,,,,2019-06-19,,,,,
1361,2020-02-28,,,,,,,2020-06-19,,,,,
1362,2020-04-13,2017-09-18,,,,,,2020-06-19,2019-04-10,,,,
1363,2020-06-15,2019-08-23,,,,,,2020-06-19,2020-03-20,,,,
1364,2018-05-21,,,,,,,2018-06-20,,,,,
1365,2019-05-03,,,,,,,2019-06-20,,,,,
1366,2018-10-22,,,,,,,2019-06-20,,,,,
1367,2018-06-13,,,,,,,2018-06-21,,,,,
1368,2019-01-24,,,,,,,2019-06-21,,,,,
1369,2019-05-06,2019-05-06,,,,,,2019-06-21,,,,,
1370,2017-10-10,,,,,,,2018-06-22,,,,,
1371,2018-05-18,,,,,,,2020-06-22,,,,,
1372,2019-06-07,2021-05-13,,,,,,2020-06-22,,,,,
1373,2018-07-12,,,,,,,2020-06-22,,,,,
1374,2018-07-25,,,,,,,2020-06-22,,,,,
1375,2019-12-19,,,,,,,2020-06-22,,,,,
1376,2020-03-11,,,,,,,2020-06-23,,,,,
1377,2018-05-18,,,,,,,2020-06-23,,,,,
1378,2019-08-02,,,,,,,2020-06-23,,,,,
1379,2019-08-16,,,,,,,2020-06-23,,,,,
1380,2019-10-29,,,,,,,2020-06-23,,,,,
1381,2019-06-24,,,,,,,2019-06-24,,,,,
1382,2018-06-11,,,,,,,2020-06-24,,,,,
1383,2019-06-14,,,,,,,2019-06-25,,,,,
1384,2019-07-05,,,,,,,2020-06-25,,,,,
1385,2019-11-08,,,,,,,2020-06-25,,,,,
1386,2018-06-12,,,,,,,2018-06-26,,,,,
1387,2019-01-25,,,,,,,2019-06-26,,,,,
1388,2019-02-12,,,,,,,2019-06-26,,,,,
1389,2019-08-15,2018-03-15,,,,,,2020-06-26,2018-12-12,,,,
1390,2018-05-24,2018-02-16,,,,,,2018-06-27,2018-05-22,,,,
1391,2018-05-11,2018-04-11,,,,,,2018-06-28,2018-04-25,,,,
1392,2019-06-25,,,,,,,2019-06-28,,,,,
1393,2018-07-27,2018-04-13,,,,,,2019-06-28,2018-04-16,,,,
1394,2018-09-20,,,,,,,2019-06-28,,,,,
1395,2018-05-17,,,,,,,2018-06-29,,,,,
1396,2019-02-26,,,,,,,2020-06-29,,,,,
1397,2019-09-16,,,,,,,2020-06-29,,,,,
1398,2020-01-27,,,,,,,2020-06-30,,,,,
1399,2019-02-08,2017-10-23,,,,,,2019-07-01,2017-12-05,,,,
1400,2019-02-08,2017-10-23,,,,,,2019-07-01,2017-12-14,,,,
1401,2019-04-15,,,,,,,2019-07-01,,,,,
1402,2019-12-22,,,,,,,2020-07-01,,,,,
1403,2018-04-11,,,,,,,2018-07-02,,,,,
1404,2019-01-15,,,,,,,2019-07-02,,,,,
1405,2019-03-07,2018-03-12,,,,,,2019-07-02,2018-08-31,,,,
1406,2019-06-24,,,,,,,2020-07-02,,,,,
1407,2019-12-03,2019-06-04,,,,,,2020-07-02,2019-09-19,,,,
1408,2019-05-31,,,,,,,2019-07-03,,,,,
1409,2018-04-03,2018-04-03,,,,,,2018-07-05,2018-05-08,,,,
1410,2018-06-08,,,,,,,2018-07-05,,,,,
1411,2017-11-21,2020-10-04,,,,,,2018-07-05,,,,,
1412,2020-03-11,2019-07-27,,,,,,2020-07-06,2020-02-05,,,,
1413,2018-12-27,2018-10-25,,,,,,2020-07-06,2018-12-03,,,,
1414,2020-02-18,,,,,,,2020-07-07,,,,,
1415,2019-03-01,2019-03-01,2018-04-03,2018-04-03,,,,2020-07-07,2019-06-26,2018-07-30,2018-05-08,,
1416,2020-06-29,,,,,,,2020-07-07,,,,,
1417,2019-08-22,2018-05-07,2018-05-07,,,,,2020-07-07,2019-06-06,,,,
1418,2017-11-06,2017-11-03,,,,,,2020-07-07,2017-11-29,,,,
1419,2019-12-19,,,,,,,2020-07-07,,,,,
1420,2018-04-19,,,,,,,2019-07-08,,,,,
1421,2019-05-24,,,,,,,2019-07-08,,,,,
1422,2019-06-18,,,,,,,2019-07-08,,,,,
1423,2018-12-13,2018-11-20,,,,,,2019-07-08,2018-11-28,,,,
1424,2020-06-26,2020-05-27,2020-05-27,2018-06-05,2017-12-04,,,2020-07-08,2020-06-26,2020-06-10,2018-06-15,2018-05-30,
1425,2019-12-06,,,,,,,2020-07-08,,,,,
1426,2018-01-08,,,,,,,2018-07-09,,,,,
1427,2018-06-26,,,,,,,2018-07-09,,,,,
1428,2019-03-30,2019-01-25,,,,,,2019-07-09,2019-02-26,,,,
1429,2020-02-25,,,,,,,2020-07-09,,,,,
1430,2020-03-06,,,,,,,2020-07-09,,,,,
1431,2020-07-01,,,,,,,2020-07-09,,,,,
1432,2020-07-08,,,,,,,2020-07-09,,,,,
1433,2019-11-20,,,,,,,2020-07-09,,,,,
1434,2019-11-26,,,,,,,2020-07-09,,,,,
1435,2018-09-10,,,,,,,2019-07-10,,,,,
1436,2020-07-10,2019-04-22,2018-04-26,2018-04-26,,,,2020-07-10,2020-03-11,2019-04-08,2018-05-08,,
1437,2018-01-29,,,,,,,2018-07-11,,,,,
1438,2018-05-10,,,,,,,2018-07-11,,,,,
1439,2018-05-23,,,,,,,2018-07-11,,,,,
1440,2018-02-05,,,,,,,2019-07-11,,,,,
1441,2019-03-18,2018-11-27,,,,,,2019-07-11,2018-12-03,,,,
1442,2018-05-29,,,,,,,2018-07-12,,,,,
1443,2019-03-14,,,,,,,2019-07-12,,,,,
1444,2019-07-02,,,,,,,2019-07-12,,,,,
1445,2018-10-22,,,,,,,2019-07-12,,,,,
1446,2018-03-22,,,,,,,2018-07-13,,,,,
1447,2018-04-23,2018-04-23,,,,,,2018-07-13,2018-05-08,,,,
1448,2017-12-19,,,,,,,2018-07-13,,,,,
1449,2019-01-23,,,,,,,2020-07-13,,,,,
1450,2020-01-31,,,,,,,2020-07-13,,,,,
1451,2020-03-24,,,,,,,2020-07-13,,,,,
1452,2020-01-30,,,,,,,2020-07-14,,,,,
1453,2020-06-15,2018-11-15,,,,,,2020-07-14,2019-04-03,,,,
1454,2019-01-09,,,,,,,2020-07-15,,,,,
1455,2020-07-13,,,,,,,2020-07-15,,,,,
1456,2018-06-26,,,,,,,2018-07-16,,,,,
1457,2019-03-25,2019-01-28,,,,,,2019-07-16,2019-03-18,,,,
1458,2018-07-30,2018-03-01,,,,,,2019-07-16,2018-04-18,,,,
1459,2019-12-02,2018-10-23,2018-09-12,,,,,2020-07-16,2019-02-25,2018-09-13,,,
1460,2018-05-17,,,,,,,2018-07-17,,,,,
1461,2017-10-17,,,,,,,2018-07-17,,,,,
1462,2019-03-30,,,,,,,2019-07-17,,,,,
1463,2019-06-10,2019-03-28,2018-08-23,,,,,2019-07-17,2019-05-01,2018-10-12,,,
1464,2019-06-26,,,,,,,2019-07-17,,,,,
1465,2017-10-26,,,,,,,2019-07-17,,,,,
1466,2020-07-17,,,,,,,2020-07-17,,,,,
1467,2018-01-22,,,,,,,2018-07-18,,,,,
1468,2019-06-05,,,,,,,2019-07-18,,,,,
1469,2019-07-08,,,,,,,2019-07-18,,,,,
1470,2018-07-10,,,,,,,2019-07-18,,,,,
1473,2020-01-19,2019-09-09,,,,,,2020-07-21,2019-09-25,,,,
1474,2020-06-05,,,,,,,2020-07-21,,,,,
1475,2018-07-02,,,,,,,2020-07-21,,,,,
1476,2020-07-20,2017-11-17,,,,,,2020-07-21,2018-03-05,,,,
1477,2018-11-07,,,,,,,2020-07-21,,,,,
1478,2018-12-21,,,,,,,2019-07-22,,,,,
1479,2020-05-18,,,,,,,2020-07-22,,,,,
1480,2018-04-21,2018-02-05,,,,,,2018-07-23,2018-03-14,,,,
1481,2019-04-10,,,,,,,2019-07-23,,,,,
1482,2019-05-28,,,,,,,2019-07-23,,,,,
1483,2018-07-12,,,,,,,2019-07-23,,,,,
1484,2020-04-08,,,,,,,2020-07-23,,,,,
1485,2020-06-02,2020-06-02,2018-12-07,,,,,2020-07-23,2019-09-24,,,,
1486,2020-07-20,2019-01-04,,,,,,2020-07-23,2019-03-05,,,,
1487,2020-07-21,,,,,,,2020-07-23,,,,,
1488,2019-10-21,2019-10-21,,,,,,2020-07-23,2019-11-21,,,,
1489,2018-06-11,,,,,,,2018-07-24,,,,,
1490,2019-01-29,2018-12-30,,,,,,2019-07-24,2019-01-11,,,,
1491,2018-04-03,,,,,,,2019-07-24,,,,,
1492,2018-07-06,,,,,,,2019-07-24,,,,,
1493,2019-07-18,2020-11-10,,,,,,2019-07-24,,,,,
1494,2020-01-31,,,,,,,2020-07-24,,,,,
1495,2020-02-06,,,,,,,2020-07-24,,,,,
1496,2020-03-16,2018-02-02,,,,,,2020-07-24,2019-09-13,,,,
1497,2020-07-21,2020-01-31,,,,,,2020-07-24,2020-07-06,,,,
1498,2019-09-11,,,,,,,2020-07-24,,,,,
1499,2018-01-22,,,,,,,2018-07-25,,,,,
1500,2019-01-29,,,,,,,2019-07-25,,,,,
1501,2019-02-05,2017-10-30,,,,,,2019-07-25,2019-01-17,,,,
1502,2019-07-15,,,,,,,2019-07-25,,,,,
1503,2018-07-23,,,,,,,2018-07-27,,,,,
1504,2017-12-27,,,,,,,2018-07-27,,,,,
1505,2020-03-10,2019-03-15,,,,,,2020-07-27,2019-03-27,,,,
1506,2020-03-18,2019-12-23,2019-10-20,2019-10-10,2018-11-27,2017-12-08,,2020-07-27,2020-02-28,2019-11-07,2019-10-17,2019-05-28,2018-03-02
1507,2019-12-23,2019-06-18,2018-11-27,2017-12-08,,,,2020-07-27,2019-11-07,2019-05-28,2018-03-02,,
1508,2020-03-23,2018-11-08,,,,,,2020-07-28,2018-11-19,,,,
1509,2020-03-18,,,,,,,2020-07-28,,,,,
1510,2020-07-17,,,,,,,2020-07-28,,,,,
1511,2020-07-21,,,,,,,2020-07-28,,,,,
1512,2020-07-28,,,,,,,2020-07-28,,,,,
1513,2019-07-29,,,,,,,2020-07-28,,,,,
1514,2019-07-29,2019-07-29,2019-07-29,,,,,2020-07-28,2019-10-14,2019-09-09,,,
1515,2019-06-07,2019-06-07,,,,,,2019-07-29,2019-06-10,,,,
1516,2020-03-16,2017-11-30,,,,,,2020-07-29,2019-09-16,,,,
1517,2019-10-10,2019-02-12,,,,,,2020-07-29,2019-03-01,,,,
1518,2018-06-14,2018-05-31,,,,,,2018-07-30,2018-06-14,,,,
1519,2018-07-26,2018-05-21,2017-11-13,,,,,2018-07-30,2018-07-16,2018-05-01,,,
1520,2019-03-13,2018-03-14,,,,,,2019-07-30,2018-06-27,,,,
1521,2019-05-23,2018-07-31,,,,,,2019-07-30,2018-12-03,,,,
1522,2019-07-05,,,,,,,2019-07-30,,,,,
1523,2019-07-25,,,,,,,2019-07-30,,,,,
1524,2019-07-29,,,,,,,2019-07-30,,,,,
1525,2020-07-30,,,,,,,2020-07-30,,,,,
1526,2019-12-05,,,,,,,2020-07-30,,,,,
1527,2018-05-07,,,,,,,2018-07-31,,,,,
1528,2019-06-04,,,,,,,2019-07-31,,,,,
1529,2019-07-24,2019-05-23,,,,,,2019-07-31,2019-07-17,,,,
1530,2019-07-29,,,,,,,2019-07-31,,,,,
1531,2020-07-27,,,,,,,2020-07-31,,,,,
1532,2018-01-23,,,,,,,2018-08-01,,,,,
1533,2018-06-18,2018-02-08,,,,,,2018-08-01,2018-05-25,,,,
1534,2019-01-19,,,,,,,2019-08-01,,,,,
1535,2019-07-22,,,,,,,2019-08-01,,,,,
1536,2019-07-29,2019-05-20,,,,,,2019-08-01,2019-06-20,,,,
1537,2019-07-31,2018-07-31,,,,,,2019-08-01,2019-07-25,,,,
1538,2018-12-20,,,,,,,2019-08-01,,,,,
1539,2018-04-30,,,,,,,2018-08-02,,,,,
1540,2019-01-10,,,,,,,2019-08-02,,,,,
1541,2018-11-05,,,,,,,2019-08-02,,,,,
1542,2018-02-02,,,,,,,2018-08-03,,,,,
1543,2020-07-02,,,,,,,2020-08-03,,,,,
1544,2020-07-07,,,,,,,2020-08-03,,,,,
1545,2020-06-16,,,,,,,2020-08-04,,,,,
1546,2020-08-03,,,,,,,2020-08-04,,,,,
1547,2019-07-31,,,,,,,2019-08-05,,,,,
1548,2020-02-25,,,,,,,2020-08-05,,,,,
1549,2020-04-20,,,,,,,2020-08-05,,,,,
1550,2020-06-29,,,,,,,2020-08-05,,,,,
1551,2020-07-22,,,,,,,2020-08-05,,,,,
1552,2019-10-01,,,,,,,2020-08-05,,,,,
1553,2019-10-23,,,,,,,2020-08-05,,,,,
1555,2018-07-23,,,,,,,2018-08-06,,,,,
1556,2018-08-14,,,,,,,2019-08-06,,,,,
1557,2020-04-08,,,,,,,2020-08-06,,,,,
1558,2020-05-06,2018-06-12,,,,,,2020-08-06,2018-10-25,,,,
1559,2018-01-09,,,,,,,2018-08-07,,,,,
1560,2018-01-09,,,,,,,2018-08-07,,,,,
1561,2018-07-17,,,,,,,2018-08-07,,,,,
1562,2017-08-24,,,,,,,2018-08-07,,,,,
1563,2017-09-22,,,,,,,2018-08-07,,,,,
1564,2019-03-08,,,,,,,2019-08-07,,,,,
1565,2019-08-02,,,,,,,2019-08-07,,,,,
1566,2018-07-10,,,,,,,2018-08-08,,,,,
1567,2019-02-12,,,,,,,2019-08-08,,,,,
1568,2018-05-01,2018-04-16,,,,,,2019-08-08,2018-04-26,,,,
1569,2019-05-10,2018-11-24,,,,,,2019-08-08,2019-04-15,,,,
1570,2019-05-27,2019-05-27,2017-12-05,,,,,2019-08-08,2019-06-07,2018-10-03,,,
1571,2018-01-29,,,,,,,2018-08-09,,,,,
1572,2018-06-25,2017-09-14,,,,,,2018-08-09,2018-04-30,,,,
1573,2019-06-26,,,,,,,2019-08-09,,,,,
1574,2019-07-26,,,,,,,2019-08-09,,,,,
1575,2019-07-26,,,,,,,2019-08-09,,,,,
1576,2018-06-08,,,,,,,2018-08-10,,,,,
1577,2020-06-18,2019-11-15,,,,,,2020-08-10,2020-03-27,,,,
1578,2020-07-16,,,,,,,2020-08-10,,,,,
1579,2020-08-10,2020-08-10,,,,,,2020-08-10,2020-08-10,,,,
1580,2019-11-01,,,,,,,2020-08-10,,,,,
1582,2020-01-14,,,,,,,2020-08-11,,,,,
1583,2020-08-11,,,,,,,2020-08-11,,,,,
1584,2019-09-06,,,,,,,2020-08-11,,,,,
1585,2018-10-08,,,,,,,2020-08-11,,,,,
1586,2019-11-04,,,,,,,2020-08-11,,,,,
1587,2019-08-12,,,,,,,2019-08-12,,,,,
1588,2018-08-21,,,,,,,2019-08-12,,,,,
1589,2019-01-14,,,,,,,2020-08-12,,,,,
1590,2018-07-17,2018-07-17,,,,,,2020-08-12,2018-08-17,,,,
1591,2020-07-24,2019-09-12,2018-10-25,,,,,2020-08-12,2020-06-12,2019-08-29,,,
1592,2020-08-08,,,,,,,2020-08-12,,,,,
1593,2018-08-06,,,,,,,2018-08-13,,,,,
1594,2019-02-11,,,,,,,2019-08-13,,,,,
1595,2019-05-06,,,,,,,2019-08-13,,,,,
1596,2018-05-16,,,,,,,2019-08-13,,,,,
1597,2018-09-25,2018-07-12,2018-06-21,,,,,2019-08-13,2018-09-04,2018-06-26,,,
1598,2018-12-13,,,,,,,2019-08-13,,,,,
1599,2020-06-03,2020-03-17,,,,,,2020-08-13,2020-04-22,,,,
1600,2020-07-16,,,,,,,2020-08-13,,,,,
1601,2020-07-31,,,,,,,2020-08-13,,,,,
1602,2020-08-05,,,,,,,2020-08-13,,,,,
1603,2020-08-05,,,,,,,2020-08-13,,,,,
1604,2019-10-11,,,,,,,2020-08-13,,,,,
1605,2018-06-29,2018-06-11,,,,,,2018-08-14,2018-06-11,,,,
1606,2018-08-13,,,,,,,2018-08-14,,,,,
1607,2019-01-08,,,,,,,2019-08-14,,,,,
1608,2018-02-14,,,,,,,2019-08-14,,,,,
1609,2018-06-26,,,,,,,2019-08-14,,,,,
1610,2018-07-10,,,,,,,2018-08-15,,,,,
1611,2019-01-02,,,,,,,2019-08-15,,,,,
1612,2019-07-01,,,,,,,2019-08-15,,,,,
1613,2019-08-06,2019-03-29,,,,,,2019-08-15,2019-06-11,,,,
1614,2017-12-29,,,,,,,2018-08-16,,,,,
1615,2019-02-14,,,,,,,2019-08-16,,,,,
1616,2019-05-09,,,,,,,2019-08-16,,,,,
1617,2019-06-06,2018-04-18,,,,,,2019-08-16,2018-04-24,,,,
1618,2019-07-19,,,,,,,2019-08-16,,,,,
1619,2018-07-23,,,,,,,2019-08-16,,,,,
1620,2019-07-28,,,,,,,2019-08-16,,,,,
1621,2019-08-15,,,,,,,2019-08-16,,,,,
1622,2018-12-21,,,,,,,2019-08-16,,,,,
1623,2019-02-19,,,,,,,2020-08-17,,,,,
1624,2020-06-25,2018-08-27,,,,,,2020-08-17,2020-06-15,,,,
1625,2017-08-10,,,,,,,2017-08-18,,,,,
1626,2020-07-02,2020-05-14,,,,,,2020-08-18,2020-06-08,,,,
1627,2020-07-22,,,,,,,2020-08-18,,,,,
1628,2020-08-16,,,,,,,2020-08-18,,,,,
1629,2019-12-16,,,,,,,2020-08-18,,,,,
1630,2019-02-01,2019-02-01,,,,,,2019-08-19,2019-03-04,,,,
1631,2018-03-21,,,,,,,2019-08-19,,,,,
1632,2018-06-19,,,,,,,2019-08-19,,,,,
1633,2020-04-03,2019-12-12,,,,,,2020-08-19,2020-03-11,,,,
1634,2020-08-11,,,,,,,2020-08-19,,,,,
1635,2018-10-04,,,,,,,2020-08-19,,,,,
1636,2019-12-30,,,,,,,2020-08-19,,,,,
1637,2017-12-20,,,,,,,2018-08-20,,,,,
1639,2020-02-20,2019-08-09,,,,,,2020-08-20,2020-01-28,,,,
1640,2020-07-06,2019-06-11,,,,,,2020-08-20,2019-10-17,,,,
1641,2019-11-29,2019-06-05,2019-03-26,2018-06-21,,,,2020-08-20,2019-08-14,2019-04-01,2019-03-11,,
1642,2019-01-04,,,,,,,2019-08-21,,,,,
1643,2019-02-11,,,,,,,2019-08-21,,,,,
1644,2019-03-18,,,,,,,2019-08-21,,,,,
1645,2019-06-21,2019-02-01,2018-11-15,,,,,2019-08-21,2019-06-14,2019-01-30,,,
1646,2018-07-23,2018-07-18,2018-04-23,2018-03-21,,,,2019-08-21,2018-07-22,2018-06-29,2018-04-10,,
1647,2019-07-25,,,,,,,2019-08-21,,,,,
1648,2018-07-10,,,,,,,2018-08-22,,,,,
1649,2019-04-03,,,,,,,2019-08-22,,,,,
1650,2019-01-28,,,,,,,2019-08-23,,,,,
1651,2019-01-28,,,,,,,2019-08-23,,,,,
1652,2019-03-26,,,,,,,2019-08-23,,,,,
1653,2019-06-04,,,,,,,2019-08-23,,,,,
1654,2019-07-17,,,,,,,2019-08-23,,,,,
1655,2020-02-13,,,,,,,2020-08-24,,,,,
1656,2020-03-20,2018-07-17,,,,,,2020-08-24,2019-02-12,,,,
1657,2020-03-30,2019-08-05,,,,,,2020-08-24,2020-03-05,,,,
1658,2019-06-14,,,,,,,2020-08-24,,,,,
1659,2020-08-24,,,,,,,2020-08-24,,,,,
1660,2019-09-06,,,,,,,2020-08-24,,,,,
1661,2019-09-17,,,,,,,2020-08-25,,,,,
1662,2019-09-17,2019-07-16,2019-05-13,,,,,2020-08-25,2019-08-06,2019-07-05,,,
1663,2019-11-15,2019-01-24,,,,,,2020-08-25,2019-04-26,,,,
1664,2019-05-08,,,,,,,2019-08-26,,,,,
1665,2020-08-06,,,,,,,2020-08-26,,,,,
1666,2018-05-25,,,,,,,2018-08-27,,,,,
1667,2018-07-09,,,,,,,2018-08-27,,,,,
1668,2019-03-06,,,,,,,2019-08-27,,,,,
1669,2018-05-10,,,,,,,2019-08-27,,,,,
1670,2019-05-29,2019-03-31,2018-10-09,,,,,2019-08-27,2019-04-25,2019-02-13,,,
1671,2018-06-27,,,,,,,2019-08-27,,,,,
1672,2019-08-20,,,,,,,2019-08-27,,,,,
1673,2019-08-20,,,,,,,2019-08-27,,,,,
1674,2020-06-02,,,,,,,2020-08-27,,,,,
1675,2019-11-26,2018-09-28,2018-03-28,,,,,2020-08-27,2019-05-09,2018-06-01,,,
1676,2019-02-25,,,,,,,2019-08-28,,,,,
1677,2019-06-18,,,,,,,2019-08-28,,,,,
1678,2019-07-03,,,,,,,2019-08-28,,,,,
1679,2020-08-25,,,,,,,2020-08-28,,,,,
1680,2020-08-28,2019-05-07,,,,,,2020-08-28,2019-10-31,,,,
1681,2019-08-30,,,,,,,2020-08-28,,,,,
1682,2019-01-25,,,,,,,2019-08-29,,,,,
1683,2018-11-06,,,,,,,2019-08-29,,,,,
1684,2018-05-01,,,,,,,2018-08-30,,,,,
1685,2018-07-18,2017-10-17,,,,,,2018-08-30,2018-07-03,,,,
1686,2017-11-27,,,,,,,2018-08-30,,,,,
1687,2019-04-08,,,,,,,2019-08-30,,,,,
1688,2019-08-22,,,,,,,2019-08-30,,,,,
1689,2019-08-30,2019-02-05,,,,,,2019-08-30,2019-08-26,,,,
1690,2020-04-15,,,,,,,2020-08-31,,,,,
1691,2020-06-02,,,,,,,2020-08-31,,,,,
1692,2020-05-07,,,,,,,2020-09-01,,,,,
1693,2020-05-26,,,,,,,2020-09-01,,,,,
1694,2019-10-25,,,,,,,2020-09-01,,,,,
1695,2020-03-29,2020-01-06,,,,,,2020-09-02,2020-01-14,,,,
1696,2020-04-24,2019-08-09,,,,,,2020-09-02,2019-08-16,,,,
1697,2020-07-13,,,,,,,2020-09-02,,,,,
1698,2020-07-15,2019-08-21,,,,,,2020-09-02,2020-01-07,,,,
1699,2019-10-28,,,,,,,2020-09-02,,,,,
1700,2019-11-04,,,,,,,2020-09-02,,,,,
1701,2019-07-09,,,,,,,2019-09-03,,,,,
1702,2019-07-31,,,,,,,2019-09-03,,,,,
1703,2019-08-21,2021-02-19,,,,,,2019-09-03,,,,,
1704,2019-01-24,,,,,,,2020-09-03,,,,,
1705,2020-07-20,2019-02-26,,,,,,2020-09-03,2020-07-02,,,,
1706,2018-04-05,,,,,,,2018-09-04,,,,,
1707,2018-04-18,,,,,,,2018-09-04,,,,,
1708,2017-08-25,,,,,,,2018-09-04,,,,,
1709,2018-01-19,2017-10-19,2017-09-08,,,,,2019-09-04,2017-12-06,2017-09-20,,,
1710,2019-07-10,,,,,,,2019-09-04,,,,,
1711,2019-07-19,,,,,,,2019-09-04,,,,,
1712,2019-08-28,,,,,,,2019-09-04,,,,,
1713,2019-02-07,,,,,,,2020-09-04,,,,,
1714,2020-07-06,2019-12-09,,,,,,2020-09-04,2020-03-16,,,,
1715,2020-08-20,2020-08-20,2020-04-24,2019-04-25,2019-01-09,,,2020-09-04,2020-09-03,2020-06-11,2019-10-29,2019-03-21,
1716,2017-12-14,,,,,,,2018-09-05,,,,,
1717,2019-04-15,,,,,,,2019-09-05,,,,,
1718,2019-08-14,2018-10-02,,,,,,2019-09-05,2019-04-05,,,,
1719,2019-08-30,,,,,,,2019-09-05,,,,,
1720,2019-08-30,2019-08-30,2018-03-01,,,,,2019-09-05,2019-09-04,2019-08-20,,,
1721,2017-10-09,2017-10-09,,,,,,2019-09-06,2017-11-09,,,,
1722,2018-11-19,2018-07-25,,,,,,2019-09-06,2018-10-31,,,,
1723,2018-07-30,,,,,,,2018-09-07,,,,,
1724,2020-01-08,,,,,,,2020-09-08,,,,,
1725,2020-04-29,,,,,,,2020-09-08,,,,,
1726,2018-04-05,,,,,,,2019-09-09,,,,,
1727,2018-04-24,,,,,,,2019-09-09,,,,,
1728,2019-01-17,,,,,,,2020-09-09,,,,,
1729,2020-08-19,,,,,,,2020-09-09,,,,,
1730,2019-09-28,2019-07-25,2018-03-21,,,,,2020-09-09,2019-09-05,2018-10-11,,,
1731,2019-12-09,,,,,,,2020-09-09,,,,,
1732,2018-07-11,,,,,,,2018-09-10,,,,,
1733,2018-07-12,,,,,,,2018-09-10,,,,,
1734,2018-05-09,,,,,,,2019-09-10,,,,,
1735,2018-08-01,,,,,,,2019-09-10,,,,,
1736,2017-08-08,,,,,,,2019-09-10,,,,,
1737,2019-08-30,,,,,,,2019-09-10,,,,,
1738,2020-01-23,,,,,,,2020-09-10,,,,,
1739,2018-03-09,,,,,,,2018-09-11,,,,,
1740,2018-07-30,2018-04-16,,,,,,2018-09-11,2018-04-17,,,,
1741,2018-08-13,,,,,,,2018-09-11,,,,,
1742,2018-08-31,,,,,,,2018-09-11,,,,,
1743,2019-01-07,2018-02-28,,,,,,2019-09-11,2018-08-31,,,,
1744,2019-05-21,,,,,,,2019-09-11,,,,,
1745,2019-08-12,,,,,,,2019-09-11,,,,,
1746,2019-03-06,,,,,,,2020-09-11,,,,,
1747,2020-08-18,,,,,,,2020-09-11,,,,,
1748,2018-07-12,,,,,,,2018-09-12,,,,,
1749,2019-04-10,,,,,,,2019-09-12,,,,,
1750,2018-08-13,,,,,,,2019-09-12,,,,,
1751,2019-09-05,,,,,,,2019-09-12,,,,,
1752,2019-09-10,,,,,,,2019-09-12,,,,,
1753,2018-10-31,,,,,,,2019-09-12,,,,,
1754,2017-12-29,,,,,,,2019-09-12,,,,,
1755,2018-08-05,,,,,,,2018-09-13,,,,,
1756,2019-04-02,,,,,,,2019-09-13,,,,,
1757,2018-05-31,,,,,,,2019-09-13,,,,,
1758,2018-02-28,2018-02-28,,,,,,2018-09-14,2018-03-14,,,,
1759,2018-09-06,2018-05-03,,,,,,2018-09-14,2018-06-12,,,,
1760,2020-07-06,,,,,,,2020-09-14,,,,,
1761,2020-08-11,,,,,,,2020-09-14,,,,,
1762,2020-08-15,2018-10-31,2018-07-13,,,,,2020-09-14,2019-02-13,2018-10-03,,,
1763,2020-02-19,2019-05-03,,,,,,2020-09-15,2019-09-09,,,,
1764,2020-02-19,2019-05-03,,,,,,2020-09-15,2019-09-09,,,,
1765,2019-05-15,2018-08-24,,,,,,2020-09-15,2019-05-15,,,,
1766,2020-06-20,,,,,,,2020-09-15,,,,,
1767,2019-03-06,2017-10-03,,,,,,2019-09-16,2017-10-03,,,,
1768,2018-04-26,,,,,,,2019-09-16,,,,,
1769,2019-06-17,,,,,,,2019-09-16,,,,,
1770,2019-08-19,2019-04-04,2019-02-25,,,,,2019-09-16,2019-07-31,2019-03-21,,,
1771,2020-07-06,2017-08-04,,,,,,2020-09-16,2019-01-23,,,,
1772,2020-07-29,2019-09-23,,,,,,2020-09-16,2019-11-19,,,,
1773,2017-12-28,2017-10-27,,,,,,2018-09-17,2017-11-28,,,,
1774,2019-02-25,,,,,,,2019-09-17,,,,,
1775,2019-03-13,,,,,,,2019-09-17,,,,,
1776,2019-06-14,,,,,,,2019-09-17,,,,,
1777,2019-08-21,2019-05-23,,,,,,2019-09-17,2019-06-13,,,,
1778,2019-09-03,2019-05-13,2019-01-02,,,,,2019-09-17,2019-07-15,2019-03-26,,,
1779,2019-09-10,,,,,,,2019-09-17,,,,,
1780,2018-11-01,,,,,,,2019-09-17,,,,,
1781,2020-07-07,,,,,,,2020-09-17,,,,,
1782,2018-08-09,,,,,,,2018-09-18,,,,,
1783,2018-08-27,,,,,,,2019-09-18,,,,,
1784,2019-09-05,,,,,,,2019-09-18,,,,,
1785,2019-09-08,2019-09-08,,,,,,2019-09-18,2019-09-06,,,,
1786,2018-10-19,,,,,,,2019-09-18,,,,,
1787,2020-01-14,2019-07-31,,,,,,2020-09-18,2019-12-10,,,,
1788,2020-08-26,,,,,,,2020-09-18,,,,,
1790,2018-03-21,,,,,,,2018-09-19,,,,,
1791,2018-09-07,,,,,,,2018-09-19,,,,,
1792,2019-05-30,,,,,,,2019-09-19,,,,,
1793,2019-01-09,,,,,,,2019-09-20,,,,,
1794,2018-07-24,,,,,,,2019-09-20,,,,,
1795,2019-08-09,,,,,,,2019-09-20,,,,,
1796,2018-09-11,,,,,,,2018-09-21,,,,,
1797,2019-07-17,,,,,,,2020-09-21,,,,,
1798,2020-09-16,,,,,,,2020-09-21,,,,,
1799,2020-09-21,2020-09-21,,,,,,2020-09-21,,,,,
1800,2019-11-12,2019-11-12,2019-11-12,,,,,2020-09-21,2020-07-20,2019-11-12,,,
1801,2020-05-15,,,,,,,2020-09-22,,,,,
1802,2020-06-30,,,,,,,2020-09-22,,,,,
1803,2020-08-10,2019-08-01,,,,,,2020-09-22,2019-11-07,,,,
1804,2020-09-22,2018-10-10,,,,,,2020-09-22,2019-07-25,,,,
1805,2019-09-12,,,,,,,2019-09-23,,,,,
1806,2018-11-20,,,,,,,2019-09-23,,,,,
1807,2018-09-04,,,,,,,2020-09-23,,,,,
1808,2018-09-05,,,,,,,2018-09-24,,,,,
1809,2018-06-18,,,,,,,2018-09-25,,,,,
1810,2018-06-18,,,,,,,2018-09-25,,,,,
1811,2018-08-28,,,,,,,2018-09-25,,,,,
1812,2018-09-14,,,,,,,2018-09-25,,,,,
1813,2019-05-13,,,,,,,2019-09-25,,,,,
1814,2019-09-09,,,,,,,2019-09-25,,,,,
1815,2019-09-10,,,,,,,2019-09-25,,,,,
1816,2019-09-24,,,,,,,2019-09-25,,,,,
1817,2020-01-28,,,,,,,2020-09-25,,,,,
1818,2020-03-30,,,,,,,2020-09-25,,,,,
1819,2019-07-29,,,,,,,2020-09-25,,,,,
1820,2019-08-30,,,,,,,2019-09-26,,,,,
1821,2019-09-03,2019-04-01,2019-02-01,,,,,2019-09-26,2019-08-15,2019-03-18,,,
1822,2019-09-03,,,,,,,2019-09-26,,,,,
1823,2019-09-03,2019-06-18,,,,,,2019-09-26,2019-07-25,,,,
1824,2019-09-20,,,,,,,2019-09-26,,,,,
1825,2019-09-23,,,,,,,2019-09-26,,,,,
1826,2018-02-22,,,,,,,2018-09-27,,,,,
1827,2018-04-27,,,,,,,2018-09-27,,,,,
1828,2018-07-12,,,,,,,2018-09-27,,,,,
1829,2018-12-04,,,,,,,2019-09-27,,,,,
1830,2017-12-15,2017-10-04,,,,,,2019-09-27,2017-12-05,,,,
1831,2018-09-28,,,,,,,2018-09-28,,,,,
1832,2020-08-17,,,,,,,2020-09-28,,,,,
1833,2020-08-17,2019-04-11,,,,,,2020-09-28,2019-07-29,,,,
1834,2020-09-02,2019-12-20,,,,,,2020-09-28,2020-08-05,,,,
1835,2019-10-04,,,,,,,2020-09-29,,,,,
1836,2018-05-17,,,,,,,2019-09-30,,,,,
1837,2019-06-17,2018-12-31,,,,,,2019-09-30,2019-01-18,,,,
1838,2019-08-30,2019-03-25,2019-03-25,,,,,2019-09-30,2019-08-09,2019-05-08,,,
1839,2020-08-24,2018-08-10,,,,,,2020-09-30,2018-10-19,,,,
1840,2020-09-29,2019-02-25,,,,,,2020-09-30,2019-03-11,,,,
1841,2020-09-30,,,,,,,2020-09-30,,,,,
1842,2018-07-31,,,,,,,2018-10-01,,,,,
1843,2019-04-25,2018-04-30,,,,,,2019-10-01,2019-03-20,,,,
1844,2019-08-06,,,,,,,2019-10-01,,,,,
1845,2020-01-29,,,,,,,2020-10-01,,,,,
1846,2020-09-06,,,,,,,2020-10-01,,,,,
1847,2020-09-25,,,,,,,2020-10-01,,,,,
1848,2018-01-19,,,,,,,2018-10-02,,,,,
1849,2018-05-31,,,,,,,2018-10-02,,,,,
1850,2018-09-26,,,,,,,2018-10-02,,,,,
1851,2019-01-08,,,,,,,2019-10-02,,,,,
1852,2019-08-09,,,,,,,2019-10-02,,,,,
1853,2020-03-16,,,,,,,2020-10-02,,,,,
1854,2020-04-21,2020-04-17,2020-04-17,2020-10-27,,,,2020-10-02,2020-05-13,,,,
1855,2020-09-28,2018-11-27,,,,,,2020-10-02,2019-11-13,,,,
1856,2018-06-15,,,,,,,2018-10-03,,,,,
1857,2018-10-01,2018-09-19,2017-07-20,,,,,2018-10-03,2018-09-24,2018-08-17,,,
1858,2019-03-01,,,,,,,2019-10-03,,,,,
1859,2019-05-13,,,,,,,2019-10-03,,,,,
1860,2018-09-24,,,,,,,2018-10-04,,,,,
1861,2018-09-25,2018-02-05,,,,,,2018-10-04,2018-09-18,,,,
1862,2018-10-02,,,,,,,2018-10-04,,,,,
1864,2019-03-07,2018-01-26,,,,,,2019-10-04,2018-02-12,,,,
1865,2019-04-05,2019-02-08,2018-12-27,,,,,2019-10-04,2019-03-19,2018-12-28,,,
1866,2019-04-08,,,,,,,2019-10-04,,,,,
1867,2018-12-05,,,,,,,2019-10-04,,,,,
1868,2019-09-10,2018-04-28,,,,,,2020-10-05,2018-10-01,,,,
1869,2020-09-14,,,,,,,2020-10-05,,,,,
1870,2020-10-05,,,,,,,2020-10-05,,,,,
1871,2020-10-05,2019-03-01,,,,,,2020-10-05,2019-08-19,,,,
1872,2019-03-14,,,,,,,2019-10-07,,,,,
1873,2019-03-29,,,,,,,2019-10-07,,,,,
1874,2018-05-09,,,,,,,2019-10-07,,,,,
1875,2019-07-08,,,,,,,2019-10-07,,,,,
1876,2019-08-30,,,,,,,2019-10-07,,,,,
1877,2020-09-25,,,,,,,2020-10-07,,,,,
1878,2018-10-03,,,,,,,2018-10-08,,,,,
1879,2018-12-04,,,,,,,2019-10-08,,,,,
1880,2019-02-15,,,,,,,2020-10-08,,,,,
1881,2020-07-14,,,,,,,2020-10-08,,,,,
1882,2020-07-16,,,,,,,2020-10-08,,,,,
1883,2019-07-30,2018-11-29,2018-10-31,,,,,2020-10-08,2019-04-24,2018-11-29,,,
1884,2018-10-08,,,,,,,2018-10-09,,,,,
1885,2019-04-30,,,,,,,2019-10-09,,,,,
1886,2018-11-15,,,,,,,2019-10-09,,,,,
1887,2017-09-13,,,,,,,2017-10-10,,,,,
1888,2019-05-03,,,,,,,2019-10-10,,,,,
1889,2019-06-04,,,,,,,2019-10-10,,,,,
1890,2019-09-11,,,,,,,2019-10-10,,,,,
1891,2018-12-21,,,,,,,2019-10-10,,,,,
1892,2018-09-20,,,,,,,2018-10-11,,,,,
1893,2019-04-17,,,,,,,2019-10-11,,,,,
1894,2018-07-16,2018-01-22,,,,,,2018-10-12,2018-06-22,,,,
1895,2019-02-25,,,,,,,2020-10-13,,,,,
1896,2020-03-14,,,,,,,2020-10-13,,,,,
1897,2019-09-13,2018-11-19,2018-06-29,2018-04-10,2018-03-16,,,2020-10-13,2019-05-29,2018-09-14,2018-06-22,2018-04-05,
1898,2019-09-25,,,,,,,2019-10-14,,,,,
1899,2019-10-08,,,,,,,2019-10-14,,,,,
1900,2018-09-12,2017-10-22,,,,,,2018-10-15,2018-07-30,,,,
1901,2019-06-28,2018-10-09,2018-04-09,2018-02-05,,,,2019-10-15,2018-10-16,2018-09-21,2018-02-28,,
1902,2019-06-28,2018-10-09,2018-04-09,2018-01-31,,,,2019-10-15,2018-10-16,2018-09-21,2018-02-28,,
1903,2019-10-09,2018-06-26,,,,,,2019-10-15,2019-09-26,,,,
1905,2018-07-18,,,,,,,2018-10-16,,,,,
1906,2019-08-13,,,,,,,2019-10-16,,,,,
1907,2019-10-15,2019-08-28,,,,,,2019-10-16,2019-09-25,,,,
1908,2018-12-14,2018-08-24,2018-05-25,,,,,2020-10-16,2018-10-04,2018-07-05,,,
1909,2018-08-06,2017-10-09,,,,,,2018-10-17,2017-10-17,,,,
1910,2018-09-17,,,,,,,2018-10-17,,,,,
1911,2019-10-14,,,,,,,2019-10-17,,,,,
1912,2018-10-17,,,,,,,2018-10-18,,,,,
1913,2019-05-08,2018-06-09,,,,,,2019-10-18,2018-11-01,,,,
1914,2019-06-04,,,,,,,2019-10-18,,,,,
1915,2019-07-23,,,,,,,2019-10-18,,,,,
1916,2018-10-01,2017-10-17,,,,,,2018-10-19,2018-09-18,,,,
1917,2020-02-14,,,,,,,2020-10-19,,,,,
1918,2020-10-20,,,,,,,2020-10-20,,,,,
1919,2019-12-30,2019-12-30,,,,,,2020-10-20,2020-01-08,,,,
1920,2019-03-29,2018-05-29,2017-12-27,2017-08-18,,,,2019-10-21,2019-02-25,2018-05-01,2017-11-20,,
1921,2019-04-22,,,,,,,2019-10-21,,,,,
1922,2019-04-25,,,,,,,2019-10-21,,,,,
1923,2019-08-13,,,,,,,2019-10-21,,,,,
1924,2019-10-16,2019-02-26,,,,,,2019-10-21,2019-10-10,,,,
1925,2019-07-17,,,,,,,2020-10-21,,,,,
1926,2020-10-09,2020-05-06,,,,,,2020-10-21,2020-09-16,,,,
1927,2020-10-12,2019-11-18,,,,,,2020-10-21,2020-03-17,,,,
1928,2018-05-17,,,,,,,2018-10-22,,,,,
1929,2019-06-03,,,,,,,2019-10-22,,,,,
1930,2019-06-10,,,,,,,2019-10-22,,,,,
1931,2019-06-13,,,,,,,2019-10-22,,,,,
1932,2020-02-20,,,,,,,2020-10-22,,,,,
1933,2017-10-05,,,,,,,2017-10-23,,,,,
1934,2018-10-08,2018-04-18,2018-03-20,2018-01-22,,,,2018-10-23,2018-09-12,2018-03-21,2018-02-15,,
1935,2019-03-25,,,,,,,2019-10-23,,,,,
1936,2020-07-13,2020-04-02,,,,,,2020-10-23,2020-04-24,,,,
1937,2020-10-19,2020-04-17,2019-05-08,,,,,2020-10-23,2020-10-12,2019-08-19,,,
1938,2018-06-08,,,,,,,2018-10-24,,,,,
1939,2018-08-20,2018-03-13,,,,,,2018-10-24,2018-03-23,,,,
1940,2018-10-01,2018-06-25,2018-05-21,,,,,2018-10-24,2018-08-29,2018-05-29,,,
1941,2019-09-30,,,,,,,2019-10-25,,,,,
1942,2019-10-03,,,,,,,2019-10-25,,,,,
1943,2020-08-26,2019-06-07,,,,,,2020-10-26,2019-06-07,,,,
1944,2019-11-11,,,,,,,2020-10-26,,,,,
1945,2019-10-25,,,,,,,2019-10-28,,,,,
1946,2019-08-30,,,,,,,2020-10-28,,,,,
1947,2020-10-26,,,,,,,2020-10-28,,,,,
1948,2019-11-25,2019-01-23,,,,,,2020-10-28,2019-11-12,,,,
1949,2019-06-11,,,,,,,2019-10-29,,,,,
1950,2019-10-16,,,,,,,2019-10-29,,,,,
1951,2020-07-24,,,,,,,2020-10-29,,,,,
1952,2020-10-30,,,,,,,2020-10-29,,,,,
1953,2017-09-14,2017-09-14,,,,,,2017-10-30,2017-09-26,,,,
1954,2018-04-17,,,,,,,2018-10-30,,,,,
1955,2018-08-10,2018-05-25,,,,,,2018-10-30,2018-07-09,,,,
1956,2018-07-03,2018-02-13,,,,,,2019-10-30,2018-03-02,,,,
1957,2019-07-16,,,,,,,2019-10-30,,,,,
1958,2019-10-21,,,,,,,2019-10-30,,,,,
1959,2020-07-27,2019-07-12,,,,,,2020-10-30,2019-08-22,,,,
1960,2019-10-06,,,,,,,2020-10-30,,,,,
1961,2018-06-01,,,,,,,2018-10-31,,,,,
1962,2019-09-09,,,,,,,2019-10-31,,,,,
1963,2019-10-28,,,,,,,2019-10-31,,,,,
1964,2018-06-09,,,,,,,2019-11-01,,,,,
1965,2019-06-19,2019-05-24,,,,,,2019-11-01,2019-06-03,,,,
1966,2019-09-06,2019-09-06,,,,,,2019-11-01,2019-09-16,,,,
1967,2019-10-23,,,,,,,2020-11-02,,,,,
1968,2019-11-12,2019-04-23,,,,,,2020-11-02,2019-05-13,,,,
1969,2017-10-06,,,,,,,2017-11-03,,,,,
1970,2020-08-21,2019-10-10,,,,,,2020-11-03,2020-01-24,,,,
1971,2020-09-11,,,,,,,2020-11-03,,,,,
1972,2020-09-11,2020-09-11,,,,,,2020-11-03,2020-09-11,,,,
1973,2020-11-03,2020-11-03,2019-11-05,,,,,2020-11-03,2020-11-03,2019-11-07,,,
1974,2019-12-13,2019-08-22,,,,,,2020-11-03,2019-09-16,,,,
1975,2019-09-10,2017-10-16,,,,,,2019-11-04,2019-08-30,,,,
1976,2019-10-30,,,,,,,2019-11-04,,,,,
1977,2020-07-24,,,,,,,2020-11-04,,,,,
1978,2018-07-18,,,,,,,2018-11-05,,,,,
1979,2018-09-10,,,,,,,2019-11-05,,,,,
1980,2019-12-11,2019-08-07,,,,,,2020-11-05,2019-11-06,,,,
1981,2018-04-06,,,,,,,2018-11-06,,,,,
1982,2018-09-26,,,,,,,2018-11-06,,,,,
1983,2017-12-22,,,,,,,2018-11-06,,,,,
1984,2019-08-21,,,,,,,2019-11-06,,,,,
1985,2019-08-21,,,,,,,2019-11-06,,,,,
1986,2019-09-01,,,,,,,2019-11-06,,,,,
1987,2019-09-16,2019-04-10,,,,,,2019-11-06,2019-09-02,,,,
1988,2019-09-18,,,,,,,2019-11-06,,,,,
1989,2019-10-02,,,,,,,2019-11-06,,,,,
1990,2019-10-22,2019-06-03,,,,,,2019-11-06,2019-08-21,,,,
1991,2020-07-24,,,,,,,2020-11-06,,,,,
1992,2019-04-22,,,,,,,2019-11-07,,,,,
1993,2019-07-15,,,,,,,2019-11-07,,,,,
1994,2019-08-20,,,,,,,2019-11-07,,,,,
1995,2019-10-31,,,,,,,2019-11-07,,,,,
1996,2019-08-01,,,,,,,2019-11-08,,,,,
1997,2020-02-25,,,,,,,2020-11-09,,,,,
1998,2020-10-28,,,,,,,2020-11-09,,,,,
1999,2020-08-31,2019-03-04,2018-07-03,2018-05-29,,,,2020-11-10,2019-04-09,2018-10-26,2018-06-29,,
2000,2020-08-31,2019-12-17,2019-10-29,2019-07-01,,,,2020-11-10,2019-12-18,2019-11-27,2019-09-30,,
2001,2019-11-05,,,,,,,2020-11-10,,,,,
2002,2019-07-31,2018-10-05,,,,,,2019-11-12,2019-06-19,,,,
2003,2019-11-01,,,,,,,2019-11-12,,,,,
2004,2020-10-17,2019-06-28,,,,,,2020-11-12,2020-07-22,,,,
2005,2019-11-12,,,,,,,2020-11-12,,,,,
2006,2018-05-21,2017-09-14,,,,,,2018-11-13,2018-05-08,,,,
2007,2019-06-17,,,,,,,2019-11-13,,,,,
2008,2019-08-07,2019-07-18,2019-07-16,2018-05-31,,,,2019-11-13,2019-07-22,2019-07-17,2019-07-02,,
2009,2018-08-08,2018-07-24,,,,,,2019-11-13,2018-07-31,,,,
2010,2019-10-23,,,,,,,2019-11-13,,,,,
2011,2019-11-06,,,,,,,2019-11-13,,,,,
2012,2020-07-28,,,,,,,2020-11-13,,,,,
2013,2020-07-29,,,,,,,2020-11-13,,,,,
2014,2020-11-03,2019-11-05,,,,,,2020-11-13,2019-11-07,,,,
2015,2020-11-13,,,,,,,2020-11-13,,,,,
2016,2019-02-11,,,,,,,2019-11-15,,,,,
2017,2018-06-06,,,,,,,2019-11-15,,,,,
2018,2018-08-10,,,,,,,2018-11-16,,,,,
2019,2020-02-10,2019-10-24,,,,,,2020-11-16,2019-11-04,,,,
2021,2019-04-08,,,,,,,2019-11-18,,,,,
2022,2017-09-11,,,,,,,2019-11-18,,,,,
2023,2019-09-16,,,,,,,2019-11-18,,,,,
2024,2019-11-06,,,,,,,2019-11-18,,,,,
2025,2019-05-14,2018-07-30,,,,,,2020-11-18,2018-08-06,,,,
2026,2020-08-07,2018-06-04,,,,,,2020-11-18,2019-04-05,,,,
2027,2020-10-15,2018-06-25,,,,,,2020-11-18,2019-01-22,,,,
2028,2020-10-27,2020-01-22,,,,,,2020-11-18,2020-08-17,,,,
2029,2020-10-28,,,,,,,2020-11-18,,,,,
2030,2020-11-13,,,,,,,2020-11-18,,,,,
2031,2020-11-17,,,,,,,2020-11-18,,,,,
2034,2020-08-15,2019-01-02,,,,,,2020-11-18,2019-04-24,,,,
2035,2018-07-05,,,,,,,2018-11-19,,,,,
2036,2019-07-31,,,,,,,2019-11-19,,,,,
2037,2018-09-12,,,,,,,2019-11-19,,,,,
2038,2018-11-15,,,,,,,2018-11-20,,,,,
2039,2019-04-02,,,,,,,2019-11-20,,,,,
2040,2018-04-30,,,,,,,2019-11-20,,,,,
2041,2019-05-07,,,,,,,2019-11-20,,,,,
2042,2019-07-22,,,,,,,2019-11-20,,,,,
2043,2020-09-22,2019-06-10,2018-02-23,,,,,2020-11-20,2019-10-03,2018-06-11,,,
2044,2020-11-20,2020-05-29,,,,,,2020-11-20,2020-09-08,,,,
2045,2019-05-14,,,,,,,2019-11-21,,,,,
2046,2019-05-14,,,,,,,2019-11-21,,,,,
2047,2019-06-24,2018-08-09,,,,,,2019-11-21,2019-06-12,,,,
2048,2019-11-18,,,,,,,2019-11-21,,,,,
2049,2019-11-18,2019-09-20,,,,,,2019-11-21,2019-11-08,,,,
2050,2017-11-06,,,,,,,2017-11-22,,,,,
2051,2019-02-11,,,,,,,2019-11-22,,,,,
2052,2018-03-21,,,,,,,2019-11-22,,,,,
2053,2019-04-17,,,,,,,2019-11-22,,,,,
2054,2019-06-25,,,,,,,2019-11-22,,,,,
2055,2019-09-24,,,,,,,2019-11-22,,,,,
2056,2019-10-07,2018-09-26,2018-07-05,,,,,2019-11-22,2019-05-08,2018-09-07,,,
2057,2019-12-30,2019-05-14,,,,,,2020-11-23,2019-09-17,,,,
2058,2020-08-31,2020-08-31,,,,,,2020-11-23,2020-08-31,,,,
2059,2020-07-14,,,,,,,2020-11-24,,,,,
2060,2020-11-23,,,,,,,2020-11-24,,,,,
2061,2019-04-29,2019-02-22,2018-11-05,,,,,2019-11-25,2019-04-05,2019-01-31,,,
2062,2019-10-09,,,,,,,2019-11-25,,,,,
2063,2019-10-23,,,,,,,2019-11-25,,,,,
2064,2020-03-18,2018-08-15,,,,,,2020-11-25,2019-02-04,,,,
2065,2019-01-14,,,,,,,2019-11-26,,,,,
2066,2019-05-22,2018-12-21,,,,,,2019-11-26,2019-05-10,,,,
2067,2019-11-08,,,,,,,2019-11-26,,,,,
2068,2017-10-24,,,,,,,2017-11-27,,,,,
2069,2018-05-18,,,,,,,2019-11-27,,,,,
2070,2019-06-24,2018-12-21,,,,,,2019-11-27,2019-05-10,,,,
2071,2018-11-14,,,,,,,2019-11-27,,,,,
2072,2019-11-18,2018-09-26,,,,,,2019-11-27,2019-11-12,,,,
2073,2019-11-26,,,,,,,2019-11-27,,,,,
2074,2018-05-30,,,,,,,2018-11-30,,,,,
2078,2020-08-10,2019-11-25,,,,,,2020-11-30,2019-12-10,,,,
2080,2020-08-18,2019-10-09,,,,,,2020-11-30,2019-10-30,,,,
2082,2020-10-14,2020-02-07,,,,,,2020-11-30,2020-09-09,,,,
2083,2020-11-19,2019-09-05,,,,,,2020-11-30,2019-11-18,,,,
2084,2020-10-08,2019-10-14,,,,,,2020-11-30,2019-10-14,,,,
2085,2020-11-25,,,,,,,2020-11-30,,,,,
2086,2020-11-27,,,,,,,2020-11-30,,,,,
2087,2020-11-30,2020-11-30,,,,,,2020-11-30,2020-11-30,,,,
2088,2020-07-09,,,,,,,2020-12-01,,,,,
2089,2020-09-14,2020-09-14,,,,,,2020-12-01,2020-10-13,,,,
2090,2020-09-21,,,,,,,2020-12-01,,,,,
2091,2020-11-16,,,,,,,2020-12-01,,,,,
2092,2019-02-25,2019-01-25,,,,,,2019-12-02,2019-02-05,,,,
2093,2019-06-25,,,,,,,2019-12-02,,,,,
2094,2019-09-26,,,,,,,2019-12-02,,,,,
2095,2019-10-16,,,,,,,2020-12-02,,,,,
2096,2018-11-27,2017-08-23,,,,,,2018-12-03,2018-11-14,,,,
2097,2019-03-07,,,,,,,2019-12-03,,,,,
2098,2019-04-25,2018-10-01,,,,,,2019-12-03,2019-02-28,,,,
2099,2019-07-14,,,,,,,2019-12-03,,,,,
2100,2020-09-21,,,,,,,2020-12-03,,,,,
2101,2017-11-30,,,,,,,2017-12-04,,,,,
2102,2017-08-22,,,,,,,2018-12-04,,,,,
2103,2018-03-28,,,,,,,2019-12-04,,,,,
2104,2019-09-09,2018-06-04,,,,,,2019-12-04,2018-09-20,,,,
2105,2018-09-14,,,,,,,2019-12-04,,,,,
2106,2019-09-16,2019-09-16,,,,,,2019-12-04,,,,,
2107,2019-12-02,,,,,,,2019-12-04,,,,,
2108,2017-12-04,,,,,,,2019-12-04,,,,,
2109,2018-12-20,,,,,,,2019-12-04,,,,,
2110,2019-11-20,,,,,,,2020-12-04,,,,,
2111,2019-12-03,,,,,,,2020-12-04,,,,,
2112,2019-09-16,,,,,,,2019-12-05,,,,,
2113,2018-01-29,,,,,,,2018-12-06,,,,,
2114,2019-03-21,,,,,,,2019-12-06,,,,,
2115,2019-08-26,2019-08-26,2018-10-08,,,,,2019-12-06,2019-08-01,,,,
2116,2019-11-25,,,,,,,2019-12-06,,,,,
2117,2019-11-25,2019-09-20,,,,,,2019-12-06,2019-09-30,,,,
2118,2017-11-28,,,,,,,2017-12-07,,,,,
2119,2018-11-05,,,,,,,2018-12-07,,,,,
2120,2020-06-03,,,,,,,2020-12-07,,,,,
2121,2019-11-18,2019-06-14,,,,,,2019-12-09,2019-09-20,,,,
2122,2019-11-18,,,,,,,2019-12-09,,,,,
2123,2019-11-18,,,,,,,2019-12-09,,,,,
2124,2018-05-15,,,,,,,2018-12-10,,,,,
2125,2019-06-13,,,,,,,2019-12-10,,,,,
2126,2019-06-18,2019-06-18,,,,,,2019-12-10,2019-08-12,,,,
2127,2019-07-02,,,,,,,2019-12-10,,,,,
2128,2019-07-19,,,,,,,2019-12-10,,,,,
2129,2019-08-06,,,,,,,2019-12-10,,,,,
2130,2019-08-12,,,,,,,2019-12-10,,,,,
2131,2019-10-29,,,,,,,2019-12-10,,,,,
2132,2018-10-31,,,,,,,2019-12-10,,,,,
2133,2019-11-07,2019-02-07,,,,,,2019-12-10,2019-02-12,,,,
2134,2019-12-06,,,,,,,2019-12-10,,,,,
2136,2020-03-02,2020-03-02,2019-07-08,,,,,2020-12-10,2020-02-14,,,,
2137,2020-12-05,2019-12-16,,,,,,2020-12-10,2020-01-14,,,,
2138,2017-10-25,,,,,,,2017-12-11,,,,,
2139,2018-04-16,,,,,,,2018-12-11,,,,,
2140,2018-01-30,,,,,,,2019-12-11,,,,,
2141,2019-07-16,,,,,,,2019-12-11,,,,,
2142,2019-09-10,,,,,,,2019-12-11,,,,,
2143,2018-12-10,,,,,,,2019-12-11,,,,,
2144,2020-12-03,,,,,,,2020-12-11,,,,,
2145,2018-02-13,,,,,,,2018-12-12,,,,,
2146,2018-09-20,,,,,,,2019-12-12,,,,,
2147,2018-12-28,,,,,,,2019-12-12,,,,,
2148,2018-12-10,2021-01-15,,,,,,2018-12-13,,,,,
2149,2019-01-18,2018-11-14,,,,,,2019-12-13,2018-11-15,,,,
2150,2019-11-04,2019-09-26,,,,,,2019-12-13,2019-10-04,,,,
2151,2018-08-22,,,,,,,2018-12-14,,,,,
2152,2020-02-10,2019-02-04,,,,,,2020-12-14,2019-12-20,,,,
2153,2020-12-14,,,,,,,2020-12-15,,,,,
2154,2019-05-21,2018-10-02,,,,,,2019-12-16,2019-05-16,,,,
2155,2019-06-13,2019-03-20,2019-01-10,,,,,2019-12-16,2019-04-22,2019-03-04,,,
2156,2019-11-27,2018-07-30,,,,,,2019-12-16,2019-10-15,,,,
2157,2020-01-15,,,,,,,2020-12-16,,,,,
2158,2018-03-26,,,,,,,2018-12-17,,,,,
2159,2018-10-31,,,,,,,2018-12-17,,,,,
2160,2018-11-20,,,,,,,2018-12-17,,,,,
2161,2019-08-12,,,,,,,2019-12-17,,,,,
2162,2018-09-21,,,,,,,2019-12-17,,,,,
2163,2019-10-18,,,,,,,2019-12-17,,,,,
2164,2019-12-06,,,,,,,2019-12-17,,,,,
2165,2019-09-01,2019-02-04,2019-02-04,,,,,2020-12-17,2019-06-28,2019-02-04,,,
2166,2020-11-05,2019-11-18,,,,,,2020-12-17,2019-11-20,,,,
2167,2019-04-22,2019-04-22,,,,,,2019-12-18,2019-04-23,,,,
2168,2019-05-10,,,,,,,2019-12-18,,,,,
2169,2019-05-10,,,,,,,2019-12-18,,,,,
2170,2019-11-05,2019-03-07,,,,,,2019-12-18,2019-08-14,,,,
2171,2020-11-22,2018-06-29,,,,,,2020-12-18,2018-08-15,,,,
2172,2018-06-04,2018-05-04,,,,,,2018-12-19,2018-05-15,,,,
2173,2018-12-19,,,,,,,2018-12-19,,,,,
2174,2019-07-08,,,,,,,2019-12-19,,,,,
2175,2019-12-10,,,,,,,2019-12-19,,,,,
2176,2019-12-17,,,,,,,2019-12-19,,,,,
2177,2017-09-05,,,,,,,2017-12-20,,,,,
2178,2017-11-02,,,,,,,2017-12-20,,,,,
2179,2017-11-02,,,,,,,2017-12-20,,,,,
2180,2019-02-22,2018-12-20,,,,,,2019-12-20,2019-02-07,,,,
2181,2019-06-24,,,,,,,2019-12-20,,,,,
2182,2018-09-14,2018-01-24,,,,,,2019-12-20,2018-08-15,,,,
2183,2019-10-04,2019-09-16,,,,,,2019-12-20,2019-10-03,,,,
2185,2019-04-07,2018-06-27,2018-06-27,,,,,2019-12-23,2019-03-22,2018-07-03,,,
2186,2020-12-16,,,,,,,2020-12-23,,,,,
2187,2018-07-23,,,,,,,2019-12-26,,,,,
2188,2018-12-19,,,,,,,2018-12-27,,,,,
2189,2017-08-22,,,,,,,2017-12-28,,,,,
2190,2019-11-15,,,,,,,2020-12-29,,,,,
2192,2019-07-10,,,,,,,2020-12-30,,,,,
2193,2020-07-17,,,,,,,2020-12-30,,,,,
2194,2020-08-28,2018-11-09,2018-06-22,2018-05-25,,,,2020-12-30,2018-11-14,2018-07-26,2018-06-12,,
2195,2020-10-09,2019-10-18,,,,,,2020-12-30,2020-09-25,,,,
2196,2018-03-08,,,,,,,2018-03-09,,,,,
2198,2018-11-26,2018-10-12,,,,,,2019-01-30,2018-11-06,,,,
2222,2018-09-19,2018-09-19,2018-09-19,2018-05-24,,,,2018-09-24,2018-09-19,2018-09-19,2018-09-07,,
2223,2020-04-26,,,,,,,2020-07-28,,,,,
2227,2018-10-23,,,,,,,2019-02-05,,,,,
2232,2019-09-17,,,,,,,2020-03-05,,,,,
2233,2018-05-24,,,,,,,2018-10-25,,,,,
2243,2019-06-25,,,,,,,2019-07-19,,,,,
